[debug] [2026-02-26T20:59:45.080Z] ----------------------------------------------------------------------
[debug] [2026-02-26T20:59:45.092Z] Command:       C:\Program Files\nodejs\node.exe C:\Users\Asus\AppData\Roaming\npm\node_modules\firebase-tools\lib\bin\firebase.js emulators:start --project=demo-milk
[debug] [2026-02-26T20:59:45.093Z] CLI Version:   15.7.0
[debug] [2026-02-26T20:59:45.101Z] Platform:      win32
[debug] [2026-02-26T20:59:45.102Z] Node Version:  v24.13.1
[debug] [2026-02-26T20:59:45.104Z] Time:          Fri Feb 27 2026 02:29:45 GMT+0530 (India Standard Time)
[debug] [2026-02-26T20:59:45.104Z] ----------------------------------------------------------------------
[debug] 
[debug] [2026-02-26T20:59:52.255Z] openjdk version "21.0.10" 2026-01-20 LTS

[debug] [2026-02-26T20:59:52.257Z] OpenJDK Runtime Environment Microsoft-13106404 (build 21.0.10+7-LTS)
OpenJDK 64-Bit Server VM Microsoft-13106404 (build 21.0.10+7-LTS, mixed mode, sharing)

[debug] [2026-02-26T20:59:52.308Z] Parsed Java major version: 21
[info] i  emulators: Starting emulators: auth, firestore {"metadata":{"emulator":{"name":"hub"},"message":"Starting emulators: auth, firestore"}}
[info] i  emulators: Detected demo project ID "demo-milk", emulated services will use a demo configuration and attempts to access non-emulated services for this project will fail. {"metadata":{"emulator":{"name":"hub"},"message":"Detected demo project ID \"demo-milk\", emulated services will use a demo configuration and attempts to access non-emulated services for this project will fail."}}
[debug] [2026-02-26T20:59:52.384Z] [logging] Logging Emulator only supports listening on one address (127.0.0.1). Not listening on ::1
[debug] [2026-02-26T20:59:52.385Z] [auth] Authentication Emulator only supports listening on one address (127.0.0.1). Not listening on ::1
[debug] [2026-02-26T20:59:52.387Z] [firestore] Firestore Emulator only supports listening on one address (127.0.0.1). Not listening on ::1
[debug] [2026-02-26T20:59:52.387Z] [firestore.websocket] websocket server for firestore only supports listening on one address (127.0.0.1). Not listening on ::1
[debug] [2026-02-26T20:59:52.388Z] assigned listening specs for emulators {"user":{"hub":[{"address":"127.0.0.1","family":"IPv4","port":4400},{"address":"::1","family":"IPv6","port":4400}],"ui":[{"address":"127.0.0.1","family":"IPv4","port":4000},{"address":"::1","family":"IPv6","port":4000}],"logging":[{"address":"127.0.0.1","family":"IPv4","port":4500}],"auth":[{"address":"127.0.0.1","family":"IPv4","port":9099}],"firestore":[{"address":"127.0.0.1","family":"IPv4","port":8080}],"firestore.websocket":[{"address":"127.0.0.1","family":"IPv4","port":9150}]},"metadata":{"message":"assigned listening specs for emulators"}}
[debug] [2026-02-26T20:59:52.416Z] Found emulator hub locator: {"version":"15.7.0","origins":["http://127.0.0.1:4400","http://[::1]:4400"],"pid":3128}
[debug] [2026-02-26T20:59:52.417Z] Write emulator hub locator at C:\Users\Asus\AppData\Local\Temp\hub-demo-milk.json
[warn] !  firestore: Cloud Firestore Emulator does not support multiple databases yet. {"metadata":{"emulator":{"name":"firestore"},"message":"Cloud Firestore Emulator does not support multiple databases yet."}}
[warn] !  firestore: Did not find a Cloud Firestore rules file specified in a firebase.json config file. {"metadata":{"emulator":{"name":"firestore"},"message":"Did not find a Cloud Firestore rules file specified in a firebase.json config file."}}
[warn] !  firestore: The emulator will default to allowing all reads and writes. Learn more about this option: https://firebase.google.com/docs/emulator-suite/install_and_configure#security_rules_configuration. {"metadata":{"emulator":{"name":"firestore"},"message":"The emulator will default to allowing all reads and writes. Learn more about this option: https://firebase.google.com/docs/emulator-suite/install_and_configure#security_rules_configuration."}}
[debug] [2026-02-26T20:59:52.457Z] Ignoring unsupported arg: auto_download {"metadata":{"emulator":{"name":"firestore"},"message":"Ignoring unsupported arg: auto_download"}}
[debug] [2026-02-26T20:59:52.458Z] Ignoring unsupported arg: single_project_mode_error {"metadata":{"emulator":{"name":"firestore"},"message":"Ignoring unsupported arg: single_project_mode_error"}}
[debug] [2026-02-26T20:59:52.458Z] Starting Firestore Emulator with command {"binary":"java","args":["-Dgoogle.cloud_firestore.debug_log_level=FINE","-Duser.language=en","-jar","C:\\Users\\Asus\\.cache\\firebase\\emulators\\cloud-firestore-emulator-v1.20.2.jar","--host","127.0.0.1","--port",8080,"--websocket_port",9150,"--project_id","demo-milk","--single_project_mode",true],"optionalArgs":["port","webchannel_port","host","rules","websocket_port","functions_emulator","seed_from_export","project_id","single_project_mode"],"joinArgs":false,"shell":false,"port":8080} {"metadata":{"emulator":{"name":"firestore"},"message":"Starting Firestore Emulator with command {\"binary\":\"java\",\"args\":[\"-Dgoogle.cloud_firestore.debug_log_level=FINE\",\"-Duser.language=en\",\"-jar\",\"C:\\\\Users\\\\Asus\\\\.cache\\\\firebase\\\\emulators\\\\cloud-firestore-emulator-v1.20.2.jar\",\"--host\",\"127.0.0.1\",\"--port\",8080,\"--websocket_port\",9150,\"--project_id\",\"demo-milk\",\"--single_project_mode\",true],\"optionalArgs\":[\"port\",\"webchannel_port\",\"host\",\"rules\",\"websocket_port\",\"functions_emulator\",\"seed_from_export\",\"project_id\",\"single_project_mode\"],\"joinArgs\":false,\"shell\":false,\"port\":8080}"}}
[info] i  firestore: Firestore Emulator logging to firestore-debug.log {"metadata":{"emulator":{"name":"firestore"},"message":"Firestore Emulator logging to \u001b[1mfirestore-debug.log\u001b[22m"}}
[debug] [2026-02-26T21:00:03.082Z] Feb 27, 2026 2:30:02 AM com.google.cloud.datastore.emulator.firestore.websocket.WebSocketServer start
INFO: Started WebSocket server on ws://127.0.0.1:9150
 {"metadata":{"emulator":{"name":"firestore"},"message":"Feb 27, 2026 2:30:02 AM com.google.cloud.datastore.emulator.firestore.websocket.WebSocketServer start\r\nINFO: Started WebSocket server on ws://127.0.0.1:9150\r\n"}}
[debug] [2026-02-26T21:00:03.357Z] API endpoint: http:// {"metadata":{"emulator":{"name":"firestore"},"message":"API endpoint: http://"}}
[debug] [2026-02-26T21:00:03.358Z] 127.0.0.1:8080
If you are using a library that supports the FIRESTORE_EMULATOR_HOST environment variable, run:

   export FIRESTORE_EMULATOR_HOST=127.0.0.1:8080

If you are running a Firestore in Datastore Mode project, run:

   export DATASTORE_EMULATOR_HOST=127.0.0.1:8080

 {"metadata":{"emulator":{"name":"firestore"},"message":"127.0.0.1:8080\nIf you are using a library that supports the FIRESTORE_EMULATOR_HOST environment variable, run:\r\n\n   export FIRESTORE_EMULATOR_HOST=127.0.0.1:8080\n\nIf you are running a Firestore in Datastore Mode project, run:\r\n\n   export DATASTORE_EMULATOR_HOST=127.0.0.1:8080\n\n"}}
[debug] [2026-02-26T21:00:03.359Z] Note: Support for Datastore Mode is in preview. If you encounter any bugs please file at https://github.com/firebase/firebase-tools/issues.
Dev App Server is now running.

 {"metadata":{"emulator":{"name":"firestore"},"message":"Note: Support for Datastore Mode is in preview. If you encounter any bugs please file at https://github.com/firebase/firebase-tools/issues.\r\nDev App Server is now running.\n\r\n"}}
[info] +  firestore: Firestore Emulator UI websocket is running on 9150. {"metadata":{"emulator":{"name":"firestore"},"message":"Firestore Emulator UI websocket is running on 9150."}}
[debug] [2026-02-26T21:00:55.564Z] Could not find VSCode notification endpoint: FetchError: request to http://localhost:40001/vscode/notify failed, reason: . If you are not running the Firebase Data Connect VSCode extension, this is expected and not an issue.
[info] 
┌─────────────────────────────────────────────────────────────┐
│ ✔  All emulators ready! It is now safe to connect your app. │
│ i  View Emulator UI at http://127.0.0.1:4000/               │
└─────────────────────────────────────────────────────────────┘

┌────────────────┬────────────────┬─────────────────────────────────┐
│ Emulator       │ Host:Port      │ View in Emulator UI             │
├────────────────┼────────────────┼─────────────────────────────────┤
│ Authentication │ 127.0.0.1:9099 │ http://127.0.0.1:4000/auth      │
├────────────────┼────────────────┼─────────────────────────────────┤
│ Firestore      │ 127.0.0.1:8080 │ http://127.0.0.1:4000/firestore │
└────────────────┴────────────────┴─────────────────────────────────┘
  Emulator Hub host: 127.0.0.1 port: 4400
  Other reserved ports: 4500, 9150

Issues? Report them at https://github.com/firebase/firebase-tools/issues and attach the *-debug.log files.
 
[debug] [2026-02-26T21:01:46.966Z] Feb 27, 2026 2:31:46 AM io.gapi.emulators.netty.HttpVersionRoutingHandler channelRead
INFO: Detected non-HTTP/2 connection.
 {"metadata":{"emulator":{"name":"firestore"},"message":"Feb 27, 2026 2:31:46 AM io.gapi.emulators.netty.HttpVersionRoutingHandler channelRead\r\nINFO: Detected non-HTTP/2 connection.\r\n"}}
[debug] [2026-02-26T21:01:48.582Z] Multiple projectIds are not recommended in single project mode. Requested project ID milkdelivery-64d5c, but the emulator is configured for demo-milk. To opt-out of single project mode add/set the '"singleProjectMode": false' property in the firebase.json emulators config.
 {"metadata":{"emulator":{"name":"firestore"},"message":"Multiple projectIds are not recommended in single project mode. Requested project ID milkdelivery-64d5c, but the emulator is configured for demo-milk. To opt-out of single project mode add/set the '\"singleProjectMode\": false' property in the firebase.json emulators config.\r\n"}}
[debug] [2026-02-26T21:01:58.779Z] Feb 27, 2026 2:31:58 AM io.gapi.emulators.netty.HttpVersionRoutingHandler channelRead
INFO: Detected non-HTTP/2 connection.
 {"metadata":{"emulator":{"name":"firestore"},"message":"Feb 27, 2026 2:31:58 AM io.gapi.emulators.netty.HttpVersionRoutingHandler channelRead\r\nINFO: Detected non-HTTP/2 connection.\r\n"}}
[debug] [2026-02-26T21:01:58.806Z] Feb 27, 2026 2:31:58 AM io.gapi.emulators.netty.HttpVersionRoutingHandler channelRead
INFO: Detected non-HTTP/2 connection.
 {"metadata":{"emulator":{"name":"firestore"},"message":"Feb 27, 2026 2:31:58 AM io.gapi.emulators.netty.HttpVersionRoutingHandler channelRead\r\nINFO: Detected non-HTTP/2 connection.\r\n"}}
[debug] [2026-02-26T21:03:04.800Z] Feb 27, 2026 2:33:04 AM io.gapi.emulators.netty.HttpVersionRoutingHandler channelRead
INFO: Detected non-HTTP/2 connection.
 {"metadata":{"emulator":{"name":"firestore"},"message":"Feb 27, 2026 2:33:04 AM io.gapi.emulators.netty.HttpVersionRoutingHandler channelRead\r\nINFO: Detected non-HTTP/2 connection.\r\n"}}
[debug] [2026-02-26T21:03:04.876Z] Multiple projectIds are not recommended in single project mode. Requested project ID milkdelivery-64d5c, but the emulator is configured for demo-milk. To opt-out of single project mode add/set the '"singleProjectMode": false' property in the firebase.json emulators config.
 {"metadata":{"emulator":{"name":"firestore"},"message":"Multiple projectIds are not recommended in single project mode. Requested project ID milkdelivery-64d5c, but the emulator is configured for demo-milk. To opt-out of single project mode add/set the '\"singleProjectMode\": false' property in the firebase.json emulators config.\r\n"}}
[debug] [2026-02-26T21:03:04.942Z] Feb 27, 2026 2:33:04 AM io.gapi.emulators.netty.HttpVersionRoutingHandler channelRead
INFO: Detected non-HTTP/2 connection.
 {"metadata":{"emulator":{"name":"firestore"},"message":"Feb 27, 2026 2:33:04 AM io.gapi.emulators.netty.HttpVersionRoutingHandler channelRead\r\nINFO: Detected non-HTTP/2 connection.\r\n"}}
[debug] [2026-02-26T21:03:05.129Z] Feb 27, 2026 2:33:05 AM io.gapi.emulators.netty.HttpVersionRoutingHandler channelRead
INFO: Detected non-HTTP/2 connection.
 {"metadata":{"emulator":{"name":"firestore"},"message":"Feb 27, 2026 2:33:05 AM io.gapi.emulators.netty.HttpVersionRoutingHandler channelRead\r\nINFO: Detected non-HTTP/2 connection.\r\n"}}
[debug] [2026-02-26T21:03:05.193Z] Feb 27, 2026 2:33:05 AM io.gapi.emulators.netty.HttpVersionRoutingHandler channelRead
INFO: Detected non-HTTP/2 connection.
 {"metadata":{"emulator":{"name":"firestore"},"message":"Feb 27, 2026 2:33:05 AM io.gapi.emulators.netty.HttpVersionRoutingHandler channelRead\r\nINFO: Detected non-HTTP/2 connection.\r\n"}}
[debug] [2026-02-26T21:03:05.291Z] Multiple projectIds are not recommended in single project mode. Requested project ID milkdelivery-64d5c, but the emulator is configured for demo-milk. To opt-out of single project mode add/set the '"singleProjectMode": false' property in the firebase.json emulators config.
 {"metadata":{"emulator":{"name":"firestore"},"message":"Multiple projectIds are not recommended in single project mode. Requested project ID milkdelivery-64d5c, but the emulator is configured for demo-milk. To opt-out of single project mode add/set the '\"singleProjectMode\": false' property in the firebase.json emulators config.\r\n"}}
[debug] [2026-02-26T21:03:05.531Z] Feb 27, 2026 2:33:05 AM io.gapi.emulators.netty.HttpVersionRoutingHandler channelRead
INFO: Detected non-HTTP/2 connection.
 {"metadata":{"emulator":{"name":"firestore"},"message":"Feb 27, 2026 2:33:05 AM io.gapi.emulators.netty.HttpVersionRoutingHandler channelRead\r\nINFO: Detected non-HTTP/2 connection.\r\n"}}
[debug] [2026-02-26T21:03:05.677Z] Feb 27, 2026 2:33:05 AM io.gapi.emulators.netty.HttpVersionRoutingHandler channelRead
INFO: Detected non-HTTP/2 connection.
 {"metadata":{"emulator":{"name":"firestore"},"message":"Feb 27, 2026 2:33:05 AM io.gapi.emulators.netty.HttpVersionRoutingHandler channelRead\r\nINFO: Detected non-HTTP/2 connection.\r\n"}}
[debug] [2026-02-26T21:03:18.774Z] Feb 27, 2026 2:33:18 AM io.gapi.emulators.netty.HttpVersionRoutingHandler channelRead
INFO: Detected non-HTTP/2 connection.
 {"metadata":{"emulator":{"name":"firestore"},"message":"Feb 27, 2026 2:33:18 AM io.gapi.emulators.netty.HttpVersionRoutingHandler channelRead\r\nINFO: Detected non-HTTP/2 connection.\r\n"}}
[debug] [2026-02-26T21:03:18.850Z] Multiple projectIds are not recommended in single project mode. Requested project ID milkdelivery-64d5c, but the emulator is configured for demo-milk. To opt-out of single project mode add/set the '"singleProjectMode": false' property in the firebase.json emulators config.
 {"metadata":{"emulator":{"name":"firestore"},"message":"Multiple projectIds are not recommended in single project mode. Requested project ID milkdelivery-64d5c, but the emulator is configured for demo-milk. To opt-out of single project mode add/set the '\"singleProjectMode\": false' property in the firebase.json emulators config.\r\n"}}
[debug] [2026-02-26T21:03:18.895Z] Feb 27, 2026 2:33:18 AM io.gapi.emulators.netty.HttpVersionRoutingHandler channelRead
INFO: Detected non-HTTP/2 connection.
 {"metadata":{"emulator":{"name":"firestore"},"message":"Feb 27, 2026 2:33:18 AM io.gapi.emulators.netty.HttpVersionRoutingHandler channelRead\r\nINFO: Detected non-HTTP/2 connection.\r\n"}}
[debug] [2026-02-26T21:03:18.989Z] Feb 27, 2026 2:33:18 AM io.gapi.emulators.netty.HttpVersionRoutingHandler channelRead
INFO: Detected non-HTTP/2 connection.
 {"metadata":{"emulator":{"name":"firestore"},"message":"Feb 27, 2026 2:33:18 AM io.gapi.emulators.netty.HttpVersionRoutingHandler channelRead\r\nINFO: Detected non-HTTP/2 connection.\r\n"}}
[debug] [2026-02-26T21:03:19.022Z] Feb 27, 2026 2:33:19 AM io.gapi.emulators.netty.HttpVersionRoutingHandler channelRead
INFO: Detected non-HTTP/2 connection.
 {"metadata":{"emulator":{"name":"firestore"},"message":"Feb 27, 2026 2:33:19 AM io.gapi.emulators.netty.HttpVersionRoutingHandler channelRead\r\nINFO: Detected non-HTTP/2 connection.\r\n"}}
[debug] [2026-02-26T21:03:19.071Z] Multiple projectIds are not recommended in single project mode. Requested project ID milkdelivery-64d5c, but the emulator is configured for demo-milk. To opt-out of single project mode add/set the '"singleProjectMode": false' property in the firebase.json emulators config.
 {"metadata":{"emulator":{"name":"firestore"},"message":"Multiple projectIds are not recommended in single project mode. Requested project ID milkdelivery-64d5c, but the emulator is configured for demo-milk. To opt-out of single project mode add/set the '\"singleProjectMode\": false' property in the firebase.json emulators config.\r\n"}}
[debug] [2026-02-26T21:03:19.167Z] Feb 27, 2026 2:33:19 AM io.gapi.emulators.netty.HttpVersionRoutingHandler channelRead
INFO: Detected non-HTTP/2 connection.
 {"metadata":{"emulator":{"name":"firestore"},"message":"Feb 27, 2026 2:33:19 AM io.gapi.emulators.netty.HttpVersionRoutingHandler channelRead\r\nINFO: Detected non-HTTP/2 connection.\r\n"}}
[debug] [2026-02-26T21:03:19.243Z] Feb 27, 2026 2:33:19 AM io.gapi.emulators.netty.HttpVersionRoutingHandler channelRead
INFO: Detected non-HTTP/2 connection.
 {"metadata":{"emulator":{"name":"firestore"},"message":"Feb 27, 2026 2:33:19 AM io.gapi.emulators.netty.HttpVersionRoutingHandler channelRead\r\nINFO: Detected non-HTTP/2 connection.\r\n"}}
[debug] [2026-02-26T21:03:21.481Z] Feb 27, 2026 2:33:21 AM io.gapi.emulators.netty.HttpVersionRoutingHandler channelRead
INFO: Detected non-HTTP/2 connection.
 {"metadata":{"emulator":{"name":"firestore"},"message":"Feb 27, 2026 2:33:21 AM io.gapi.emulators.netty.HttpVersionRoutingHandler channelRead\r\nINFO: Detected non-HTTP/2 connection.\r\n"}}
[debug] [2026-02-26T21:03:22.412Z] Feb 27, 2026 2:33:22 AM io.gapi.emulators.netty.HttpVersionRoutingHandler channelRead
INFO: Detected non-HTTP/2 connection.
 {"metadata":{"emulator":{"name":"firestore"},"message":"Feb 27, 2026 2:33:22 AM io.gapi.emulators.netty.HttpVersionRoutingHandler channelRead\r\nINFO: Detected non-HTTP/2 connection.\r\n"}}
[debug] [2026-02-26T21:03:23.013Z] Feb 27, 2026 2:33:23 AM io.gapi.emulators.netty.HttpVersionRoutingHandler channelRead
INFO: Detected non-HTTP/2 connection.
 {"metadata":{"emulator":{"name":"firestore"},"message":"Feb 27, 2026 2:33:23 AM io.gapi.emulators.netty.HttpVersionRoutingHandler channelRead\r\nINFO: Detected non-HTTP/2 connection.\r\n"}}
[debug] [2026-02-26T21:03:23.090Z] Feb 27, 2026 2:33:23 AM io.gapi.emulators.netty.HttpVersionRoutingHandler channelRead
INFO: Detected non-HTTP/2 connection.
 {"metadata":{"emulator":{"name":"firestore"},"message":"Feb 27, 2026 2:33:23 AM io.gapi.emulators.netty.HttpVersionRoutingHandler channelRead\r\nINFO: Detected non-HTTP/2 connection.\r\n"}}
[debug] [2026-02-26T21:03:24.991Z] Feb 27, 2026 2:33:24 AM io.gapi.emulators.netty.HttpVersionRoutingHandler channelRead
INFO: Detected non-HTTP/2 connection.
 {"metadata":{"emulator":{"name":"firestore"},"message":"Feb 27, 2026 2:33:24 AM io.gapi.emulators.netty.HttpVersionRoutingHandler channelRead\r\nINFO: Detected non-HTTP/2 connection.\r\n"}}
[debug] [2026-02-26T21:03:25.143Z] Feb 27, 2026 2:33:25 AM io.gapi.emulators.netty.HttpVersionRoutingHandler channelRead
INFO: Detected non-HTTP/2 connection.
 {"metadata":{"emulator":{"name":"firestore"},"message":"Feb 27, 2026 2:33:25 AM io.gapi.emulators.netty.HttpVersionRoutingHandler channelRead\r\nINFO: Detected non-HTTP/2 connection.\r\n"}}
[debug] [2026-02-26T21:03:25.694Z] Feb 27, 2026 2:33:25 AM io.gapi.emulators.netty.HttpVersionRoutingHandler channelRead
INFO: Detected non-HTTP/2 connection.
 {"metadata":{"emulator":{"name":"firestore"},"message":"Feb 27, 2026 2:33:25 AM io.gapi.emulators.netty.HttpVersionRoutingHandler channelRead\r\nINFO: Detected non-HTTP/2 connection.\r\n"}}
[debug] [2026-02-26T21:03:25.916Z] Feb 27, 2026 2:33:25 AM io.gapi.emulators.netty.HttpVersionRoutingHandler channelRead
INFO: Detected non-HTTP/2 connection.
 {"metadata":{"emulator":{"name":"firestore"},"message":"Feb 27, 2026 2:33:25 AM io.gapi.emulators.netty.HttpVersionRoutingHandler channelRead\r\nINFO: Detected non-HTTP/2 connection.\r\n"}}
[debug] [2026-02-26T21:03:25.990Z] Feb 27, 2026 2:33:25 AM io.gapi.emulators.netty.HttpVersionRoutingHandler channelRead
INFO: Detected non-HTTP/2 connection.
 {"metadata":{"emulator":{"name":"firestore"},"message":"Feb 27, 2026 2:33:25 AM io.gapi.emulators.netty.HttpVersionRoutingHandler channelRead\r\nINFO: Detected non-HTTP/2 connection.\r\n"}}
[debug] [2026-02-26T21:03:31.407Z] Feb 27, 2026 2:33:31 AM io.gapi.emulators.netty.HttpVersionRoutingHandler channelRead
INFO: Detected non-HTTP/2 connection.
 {"metadata":{"emulator":{"name":"firestore"},"message":"Feb 27, 2026 2:33:31 AM io.gapi.emulators.netty.HttpVersionRoutingHandler channelRead\r\nINFO: Detected non-HTTP/2 connection.\r\n"}}
[debug] [2026-02-26T21:03:31.591Z] Multiple projectIds are not recommended in single project mode. Requested project ID milkdelivery-64d5c, but the emulator is configured for demo-milk. To opt-out of single project mode add/set the '"singleProjectMode": false' property in the firebase.json emulators config.
 {"metadata":{"emulator":{"name":"firestore"},"message":"Multiple projectIds are not recommended in single project mode. Requested project ID milkdelivery-64d5c, but the emulator is configured for demo-milk. To opt-out of single project mode add/set the '\"singleProjectMode\": false' property in the firebase.json emulators config.\r\n"}}
[debug] [2026-02-26T21:03:31.773Z] Feb 27, 2026 2:33:31 AM io.gapi.emulators.netty.HttpVersionRoutingHandler channelRead
INFO: Detected non-HTTP/2 connection.
 {"metadata":{"emulator":{"name":"firestore"},"message":"Feb 27, 2026 2:33:31 AM io.gapi.emulators.netty.HttpVersionRoutingHandler channelRead\r\nINFO: Detected non-HTTP/2 connection.\r\n"}}
[debug] [2026-02-26T21:03:31.994Z] Feb 27, 2026 2:33:31 AM io.gapi.emulators.netty.HttpVersionRoutingHandler channelRead
INFO: Detected non-HTTP/2 connection.
 {"metadata":{"emulator":{"name":"firestore"},"message":"Feb 27, 2026 2:33:31 AM io.gapi.emulators.netty.HttpVersionRoutingHandler channelRead\r\nINFO: Detected non-HTTP/2 connection.\r\n"}}
[debug] [2026-02-26T21:04:26.353Z] Feb 27, 2026 2:34:26 AM io.gapi.emulators.netty.HttpVersionRoutingHandler channelRead
INFO: Detected non-HTTP/2 connection.
 {"metadata":{"emulator":{"name":"firestore"},"message":"Feb 27, 2026 2:34:26 AM io.gapi.emulators.netty.HttpVersionRoutingHandler channelRead\r\nINFO: Detected non-HTTP/2 connection.\r\n"}}
[debug] [2026-02-26T21:04:26.443Z] Multiple projectIds are not recommended in single project mode. Requested project ID milkdelivery-64d5c, but the emulator is configured for demo-milk. To opt-out of single project mode add/set the '"singleProjectMode": false' property in the firebase.json emulators config.
 {"metadata":{"emulator":{"name":"firestore"},"message":"Multiple projectIds are not recommended in single project mode. Requested project ID milkdelivery-64d5c, but the emulator is configured for demo-milk. To opt-out of single project mode add/set the '\"singleProjectMode\": false' property in the firebase.json emulators config.\r\n"}}
[debug] [2026-02-26T21:04:26.482Z] Feb 27, 2026 2:34:26 AM io.gapi.emulators.netty.HttpVersionRoutingHandler channelRead
INFO: Detected non-HTTP/2 connection.
 {"metadata":{"emulator":{"name":"firestore"},"message":"Feb 27, 2026 2:34:26 AM io.gapi.emulators.netty.HttpVersionRoutingHandler channelRead\r\nINFO: Detected non-HTTP/2 connection.\r\n"}}
[debug] [2026-02-26T21:04:26.634Z] Feb 27, 2026 2:34:26 AM io.gapi.emulators.netty.HttpVersionRoutingHandler channelRead
INFO: Detected non-HTTP/2 connection.
 {"metadata":{"emulator":{"name":"firestore"},"message":"Feb 27, 2026 2:34:26 AM io.gapi.emulators.netty.HttpVersionRoutingHandler channelRead\r\nINFO: Detected non-HTTP/2 connection.\r\n"}}
[debug] [2026-02-26T21:04:26.684Z] Feb 27, 2026 2:34:26 AM io.gapi.emulators.netty.HttpVersionRoutingHandler channelRead
INFO: Detected non-HTTP/2 connection.
 {"metadata":{"emulator":{"name":"firestore"},"message":"Feb 27, 2026 2:34:26 AM io.gapi.emulators.netty.HttpVersionRoutingHandler channelRead\r\nINFO: Detected non-HTTP/2 connection.\r\n"}}
[debug] [2026-02-26T21:04:26.796Z] Multiple projectIds are not recommended in single project mode. Requested project ID milkdelivery-64d5c, but the emulator is configured for demo-milk. To opt-out of single project mode add/set the '"singleProjectMode": false' property in the firebase.json emulators config.
 {"metadata":{"emulator":{"name":"firestore"},"message":"Multiple projectIds are not recommended in single project mode. Requested project ID milkdelivery-64d5c, but the emulator is configured for demo-milk. To opt-out of single project mode add/set the '\"singleProjectMode\": false' property in the firebase.json emulators config.\r\n"}}
[debug] [2026-02-26T21:04:26.870Z] Feb 27, 2026 2:34:26 AM io.gapi.emulators.netty.HttpVersionRoutingHandler channelRead
INFO: Detected non-HTTP/2 connection.
 {"metadata":{"emulator":{"name":"firestore"},"message":"Feb 27, 2026 2:34:26 AM io.gapi.emulators.netty.HttpVersionRoutingHandler channelRead\r\nINFO: Detected non-HTTP/2 connection.\r\n"}}
[debug] [2026-02-26T21:04:26.923Z] Feb 27, 2026 2:34:26 AM io.gapi.emulators.netty.HttpVersionRoutingHandler channelRead
INFO: Detected non-HTTP/2 connection.
 {"metadata":{"emulator":{"name":"firestore"},"message":"Feb 27, 2026 2:34:26 AM io.gapi.emulators.netty.HttpVersionRoutingHandler channelRead\r\nINFO: Detected non-HTTP/2 connection.\r\n"}}
[debug] [2026-02-26T21:04:32.697Z] Feb 27, 2026 2:34:32 AM io.gapi.emulators.netty.HttpVersionRoutingHandler channelRead
INFO: Detected non-HTTP/2 connection.
 {"metadata":{"emulator":{"name":"firestore"},"message":"Feb 27, 2026 2:34:32 AM io.gapi.emulators.netty.HttpVersionRoutingHandler channelRead\r\nINFO: Detected non-HTTP/2 connection.\r\n"}}
[debug] [2026-02-26T21:04:32.777Z] Multiple projectIds are not recommended in single project mode. Requested project ID milkdelivery-64d5c, but the emulator is configured for demo-milk. To opt-out of single project mode add/set the '"singleProjectMode": false' property in the firebase.json emulators config.
 {"metadata":{"emulator":{"name":"firestore"},"message":"Multiple projectIds are not recommended in single project mode. Requested project ID milkdelivery-64d5c, but the emulator is configured for demo-milk. To opt-out of single project mode add/set the '\"singleProjectMode\": false' property in the firebase.json emulators config.\r\n"}}
[debug] [2026-02-26T21:04:32.815Z] Feb 27, 2026 2:34:32 AM io.gapi.emulators.netty.HttpVersionRoutingHandler channelRead
INFO: Detected non-HTTP/2 connection.
 {"metadata":{"emulator":{"name":"firestore"},"message":"Feb 27, 2026 2:34:32 AM io.gapi.emulators.netty.HttpVersionRoutingHandler channelRead\r\nINFO: Detected non-HTTP/2 connection.\r\n"}}
[debug] [2026-02-26T21:04:32.954Z] Feb 27, 2026 2:34:32 AM io.gapi.emulators.netty.HttpVersionRoutingHandler channelRead
INFO: Detected non-HTTP/2 connection.
 {"metadata":{"emulator":{"name":"firestore"},"message":"Feb 27, 2026 2:34:32 AM io.gapi.emulators.netty.HttpVersionRoutingHandler channelRead\r\nINFO: Detected non-HTTP/2 connection.\r\n"}}
[debug] [2026-02-26T21:04:34.328Z] Feb 27, 2026 2:34:34 AM io.gapi.emulators.netty.HttpVersionRoutingHandler channelRead
INFO: Detected non-HTTP/2 connection.
 {"metadata":{"emulator":{"name":"firestore"},"message":"Feb 27, 2026 2:34:34 AM io.gapi.emulators.netty.HttpVersionRoutingHandler channelRead\r\nINFO: Detected non-HTTP/2 connection.\r\n"}}
[debug] [2026-02-26T21:04:34.561Z] Feb 27, 2026 2:34:34 AM io.gapi.emulators.netty.HttpVersionRoutingHandler channelRead
INFO: Detected non-HTTP/2 connection.
 {"metadata":{"emulator":{"name":"firestore"},"message":"Feb 27, 2026 2:34:34 AM io.gapi.emulators.netty.HttpVersionRoutingHandler channelRead\r\nINFO: Detected non-HTTP/2 connection.\r\n"}}
[debug] [2026-02-26T21:04:35.033Z] Feb 27, 2026 2:34:35 AM io.gapi.emulators.netty.HttpVersionRoutingHandler channelRead
INFO: Detected non-HTTP/2 connection.
 {"metadata":{"emulator":{"name":"firestore"},"message":"Feb 27, 2026 2:34:35 AM io.gapi.emulators.netty.HttpVersionRoutingHandler channelRead\r\nINFO: Detected non-HTTP/2 connection.\r\n"}}
[debug] [2026-02-26T21:04:35.358Z] Feb 27, 2026 2:34:35 AM io.gapi.emulators.netty.HttpVersionRoutingHandler channelRead
INFO: Detected non-HTTP/2 connection.
 {"metadata":{"emulator":{"name":"firestore"},"message":"Feb 27, 2026 2:34:35 AM io.gapi.emulators.netty.HttpVersionRoutingHandler channelRead\r\nINFO: Detected non-HTTP/2 connection.\r\n"}}
[debug] [2026-02-26T21:04:36.875Z] Feb 27, 2026 2:34:36 AM io.gapi.emulators.netty.HttpVersionRoutingHandler channelRead
INFO: Detected non-HTTP/2 connection.
 {"metadata":{"emulator":{"name":"firestore"},"message":"Feb 27, 2026 2:34:36 AM io.gapi.emulators.netty.HttpVersionRoutingHandler channelRead\r\nINFO: Detected non-HTTP/2 connection.\r\n"}}
[debug] [2026-02-26T21:04:36.955Z] Feb 27, 2026 2:34:36 AM io.gapi.emulators.netty.HttpVersionRoutingHandler channelRead
INFO: Detected non-HTTP/2 connection.
 {"metadata":{"emulator":{"name":"firestore"},"message":"Feb 27, 2026 2:34:36 AM io.gapi.emulators.netty.HttpVersionRoutingHandler channelRead\r\nINFO: Detected non-HTTP/2 connection.\r\n"}}
[debug] [2026-02-26T21:04:37.873Z] Feb 27, 2026 2:34:37 AM io.gapi.emulators.netty.HttpVersionRoutingHandler channelRead
INFO: Detected non-HTTP/2 connection.
 {"metadata":{"emulator":{"name":"firestore"},"message":"Feb 27, 2026 2:34:37 AM io.gapi.emulators.netty.HttpVersionRoutingHandler channelRead\r\nINFO: Detected non-HTTP/2 connection.\r\n"}}
[debug] [2026-02-26T21:04:37.905Z] Multiple projectIds are not recommended in single project mode. Requested project ID milkdelivery-64d5c, but the emulator is configured for demo-milk. To opt-out of single project mode add/set the '"singleProjectMode": false' property in the firebase.json emulators config.
 {"metadata":{"emulator":{"name":"firestore"},"message":"Multiple projectIds are not recommended in single project mode. Requested project ID milkdelivery-64d5c, but the emulator is configured for demo-milk. To opt-out of single project mode add/set the '\"singleProjectMode\": false' property in the firebase.json emulators config.\r\n"}}
[debug] [2026-02-26T21:04:37.959Z] Feb 27, 2026 2:34:37 AM io.gapi.emulators.netty.HttpVersionRoutingHandler channelRead
INFO: Detected non-HTTP/2 connection.
 {"metadata":{"emulator":{"name":"firestore"},"message":"Feb 27, 2026 2:34:37 AM io.gapi.emulators.netty.HttpVersionRoutingHandler channelRead\r\nINFO: Detected non-HTTP/2 connection.\r\n"}}
[debug] [2026-02-26T21:04:38.004Z] Feb 27, 2026 2:34:38 AM io.gapi.emulators.netty.HttpVersionRoutingHandler channelRead
INFO: Detected non-HTTP/2 connection.
 {"metadata":{"emulator":{"name":"firestore"},"message":"Feb 27, 2026 2:34:38 AM io.gapi.emulators.netty.HttpVersionRoutingHandler channelRead\r\nINFO: Detected non-HTTP/2 connection.\r\n"}}
[debug] [2026-02-26T21:04:38.227Z] Feb 27, 2026 2:34:38 AM io.gapi.emulators.netty.HttpVersionRoutingHandler channelRead
INFO: Detected non-HTTP/2 connection.
 {"metadata":{"emulator":{"name":"firestore"},"message":"Feb 27, 2026 2:34:38 AM io.gapi.emulators.netty.HttpVersionRoutingHandler channelRead\r\nINFO: Detected non-HTTP/2 connection.\r\n"}}
[debug] [2026-02-26T21:04:38.321Z] Feb 27, 2026 2:34:38 AM io.gapi.emulators.netty.HttpVersionRoutingHandler channelRead
INFO: Detected non-HTTP/2 connection.
 {"metadata":{"emulator":{"name":"firestore"},"message":"Feb 27, 2026 2:34:38 AM io.gapi.emulators.netty.HttpVersionRoutingHandler channelRead\r\nINFO: Detected non-HTTP/2 connection.\r\n"}}
[debug] [2026-02-26T21:04:41.055Z] Feb 27, 2026 2:34:41 AM io.gapi.emulators.netty.HttpVersionRoutingHandler channelRead
INFO: Detected non-HTTP/2 connection.
 {"metadata":{"emulator":{"name":"firestore"},"message":"Feb 27, 2026 2:34:41 AM io.gapi.emulators.netty.HttpVersionRoutingHandler channelRead\r\nINFO: Detected non-HTTP/2 connection.\r\n"}}
[debug] [2026-02-26T21:04:41.296Z] Feb 27, 2026 2:34:41 AM io.gapi.emulators.netty.HttpVersionRoutingHandler channelRead
INFO: Detected non-HTTP/2 connection.
 {"metadata":{"emulator":{"name":"firestore"},"message":"Feb 27, 2026 2:34:41 AM io.gapi.emulators.netty.HttpVersionRoutingHandler channelRead\r\nINFO: Detected non-HTTP/2 connection.\r\n"}}
[debug] [2026-02-26T21:04:42.585Z] Feb 27, 2026 2:34:42 AM io.gapi.emulators.netty.HttpVersionRoutingHandler channelRead
INFO: Detected non-HTTP/2 connection.
 {"metadata":{"emulator":{"name":"firestore"},"message":"Feb 27, 2026 2:34:42 AM io.gapi.emulators.netty.HttpVersionRoutingHandler channelRead\r\nINFO: Detected non-HTTP/2 connection.\r\n"}}
[debug] [2026-02-26T21:04:43.101Z] Feb 27, 2026 2:34:43 AM io.gapi.emulators.netty.HttpVersionRoutingHandler channelRead
INFO: Detected non-HTTP/2 connection.
 {"metadata":{"emulator":{"name":"firestore"},"message":"Feb 27, 2026 2:34:43 AM io.gapi.emulators.netty.HttpVersionRoutingHandler channelRead\r\nINFO: Detected non-HTTP/2 connection.\r\n"}}
[debug] [2026-02-26T21:04:43.404Z] Feb 27, 2026 2:34:43 AM io.gapi.emulators.netty.HttpVersionRoutingHandler channelRead
INFO: Detected non-HTTP/2 connection.
 {"metadata":{"emulator":{"name":"firestore"},"message":"Feb 27, 2026 2:34:43 AM io.gapi.emulators.netty.HttpVersionRoutingHandler channelRead\r\nINFO: Detected non-HTTP/2 connection.\r\n"}}
[debug] [2026-02-26T21:04:43.498Z] Feb 27, 2026 2:34:43 AM io.gapi.emulators.netty.HttpVersionRoutingHandler channelRead
INFO: Detected non-HTTP/2 connection.
 {"metadata":{"emulator":{"name":"firestore"},"message":"Feb 27, 2026 2:34:43 AM io.gapi.emulators.netty.HttpVersionRoutingHandler channelRead\r\nINFO: Detected non-HTTP/2 connection.\r\n"}}
[debug] [2026-02-26T21:04:44.897Z] Feb 27, 2026 2:34:44 AM io.gapi.emulators.netty.HttpVersionRoutingHandler channelRead
INFO: Detected non-HTTP/2 connection.
 {"metadata":{"emulator":{"name":"firestore"},"message":"Feb 27, 2026 2:34:44 AM io.gapi.emulators.netty.HttpVersionRoutingHandler channelRead\r\nINFO: Detected non-HTTP/2 connection.\r\n"}}
[debug] [2026-02-26T21:04:44.997Z] Feb 27, 2026 2:34:44 AM io.gapi.emulators.netty.HttpVersionRoutingHandler channelRead
INFO: Detected non-HTTP/2 connection.
 {"metadata":{"emulator":{"name":"firestore"},"message":"Feb 27, 2026 2:34:44 AM io.gapi.emulators.netty.HttpVersionRoutingHandler channelRead\r\nINFO: Detected non-HTTP/2 connection.\r\n"}}
[debug] [2026-02-26T21:04:45.014Z] Feb 27, 2026 2:34:45 AM io.gapi.emulators.netty.HttpVersionRoutingHandler channelRead
INFO: Detected non-HTTP/2 connection.
 {"metadata":{"emulator":{"name":"firestore"},"message":"Feb 27, 2026 2:34:45 AM io.gapi.emulators.netty.HttpVersionRoutingHandler channelRead\r\nINFO: Detected non-HTTP/2 connection.\r\n"}}
[debug] [2026-02-26T21:04:45.378Z] Feb 27, 2026 2:34:45 AM io.gapi.emulators.netty.HttpVersionRoutingHandler channelRead
INFO: Detected non-HTTP/2 connection.
 {"metadata":{"emulator":{"name":"firestore"},"message":"Feb 27, 2026 2:34:45 AM io.gapi.emulators.netty.HttpVersionRoutingHandler channelRead\r\nINFO: Detected non-HTTP/2 connection.\r\n"}}
[debug] [2026-02-26T21:04:45.498Z] Feb 27, 2026 2:34:45 AM io.gapi.emulators.netty.HttpVersionRoutingHandler channelRead
INFO: Detected non-HTTP/2 connection.
 {"metadata":{"emulator":{"name":"firestore"},"message":"Feb 27, 2026 2:34:45 AM io.gapi.emulators.netty.HttpVersionRoutingHandler channelRead\r\nINFO: Detected non-HTTP/2 connection.\r\n"}}
[debug] [2026-02-26T21:04:45.558Z] Feb 27, 2026 2:34:45 AM io.gapi.emulators.netty.HttpVersionRoutingHandler channelRead
INFO: Detected non-HTTP/2 connection.
 {"metadata":{"emulator":{"name":"firestore"},"message":"Feb 27, 2026 2:34:45 AM io.gapi.emulators.netty.HttpVersionRoutingHandler channelRead\r\nINFO: Detected non-HTTP/2 connection.\r\n"}}
[debug] [2026-02-26T21:04:45.662Z] Feb 27, 2026 2:34:45 AM io.gapi.emulators.netty.HttpVersionRoutingHandler channelRead
INFO: Detected non-HTTP/2 connection.
 {"metadata":{"emulator":{"name":"firestore"},"message":"Feb 27, 2026 2:34:45 AM io.gapi.emulators.netty.HttpVersionRoutingHandler channelRead\r\nINFO: Detected non-HTTP/2 connection.\r\n"}}
[debug] [2026-02-26T21:04:45.672Z] Feb 27, 2026 2:34:45 AM io.gapi.emulators.netty.HttpVersionRoutingHandler channelRead
INFO: Detected non-HTTP/2 connection.
 {"metadata":{"emulator":{"name":"firestore"},"message":"Feb 27, 2026 2:34:45 AM io.gapi.emulators.netty.HttpVersionRoutingHandler channelRead\r\nINFO: Detected non-HTTP/2 connection.\r\n"}}
[debug] [2026-02-26T21:04:45.857Z] Feb 27, 2026 2:34:45 AM io.gapi.emulators.netty.HttpVersionRoutingHandler channelRead
INFO: Detected non-HTTP/2 connection.
 {"metadata":{"emulator":{"name":"firestore"},"message":"Feb 27, 2026 2:34:45 AM io.gapi.emulators.netty.HttpVersionRoutingHandler channelRead\r\nINFO: Detected non-HTTP/2 connection.\r\n"}}
[debug] [2026-02-26T21:04:45.935Z] Feb 27, 2026 2:34:45 AM io.gapi.emulators.netty.HttpVersionRoutingHandler channelRead
INFO: Detected non-HTTP/2 connection.
 {"metadata":{"emulator":{"name":"firestore"},"message":"Feb 27, 2026 2:34:45 AM io.gapi.emulators.netty.HttpVersionRoutingHandler channelRead\r\nINFO: Detected non-HTTP/2 connection.\r\n"}}
[debug] [2026-02-26T21:04:46.060Z] Feb 27, 2026 2:34:46 AM io.gapi.emulators.netty.HttpVersionRoutingHandler channelRead
INFO: Detected non-HTTP/2 connection.
 {"metadata":{"emulator":{"name":"firestore"},"message":"Feb 27, 2026 2:34:46 AM io.gapi.emulators.netty.HttpVersionRoutingHandler channelRead\r\nINFO: Detected non-HTTP/2 connection.\r\n"}}
[debug] [2026-02-26T21:04:46.307Z] Feb 27, 2026 2:34:46 AM io.gapi.emulators.netty.HttpVersionRoutingHandler channelRead
INFO: Detected non-HTTP/2 connection.
 {"metadata":{"emulator":{"name":"firestore"},"message":"Feb 27, 2026 2:34:46 AM io.gapi.emulators.netty.HttpVersionRoutingHandler channelRead\r\nINFO: Detected non-HTTP/2 connection.\r\n"}}
[debug] [2026-02-26T21:06:50.268Z] Feb 27, 2026 2:36:50 AM io.gapi.emulators.netty.HttpVersionRoutingHandler channelRead
INFO: Detected non-HTTP/2 connection.
 {"metadata":{"emulator":{"name":"firestore"},"message":"Feb 27, 2026 2:36:50 AM io.gapi.emulators.netty.HttpVersionRoutingHandler channelRead\r\nINFO: Detected non-HTTP/2 connection.\r\n"}}
[debug] [2026-02-26T21:06:50.363Z] Multiple projectIds are not recommended in single project mode. Requested project ID milkdelivery-64d5c, but the emulator is configured for demo-milk. To opt-out of single project mode add/set the '"singleProjectMode": false' property in the firebase.json emulators config.
 {"metadata":{"emulator":{"name":"firestore"},"message":"Multiple projectIds are not recommended in single project mode. Requested project ID milkdelivery-64d5c, but the emulator is configured for demo-milk. To opt-out of single project mode add/set the '\"singleProjectMode\": false' property in the firebase.json emulators config.\r\n"}}
[debug] [2026-02-26T21:06:50.414Z] Feb 27, 2026 2:36:50 AM io.gapi.emulators.netty.HttpVersionRoutingHandler channelRead
INFO: Detected non-HTTP/2 connection.
 {"metadata":{"emulator":{"name":"firestore"},"message":"Feb 27, 2026 2:36:50 AM io.gapi.emulators.netty.HttpVersionRoutingHandler channelRead\r\nINFO: Detected non-HTTP/2 connection.\r\n"}}
[debug] [2026-02-26T21:06:50.491Z] Feb 27, 2026 2:36:50 AM io.gapi.emulators.netty.HttpVersionRoutingHandler channelRead
INFO: Detected non-HTTP/2 connection.
 {"metadata":{"emulator":{"name":"firestore"},"message":"Feb 27, 2026 2:36:50 AM io.gapi.emulators.netty.HttpVersionRoutingHandler channelRead\r\nINFO: Detected non-HTTP/2 connection.\r\n"}}
[debug] [2026-02-26T21:06:50.509Z] Feb 27, 2026 2:36:50 AM io.gapi.emulators.netty.HttpVersionRoutingHandler channelRead
INFO: Detected non-HTTP/2 connection.
 {"metadata":{"emulator":{"name":"firestore"},"message":"Feb 27, 2026 2:36:50 AM io.gapi.emulators.netty.HttpVersionRoutingHandler channelRead\r\nINFO: Detected non-HTTP/2 connection.\r\n"}}
[debug] [2026-02-26T21:06:50.576Z] Multiple projectIds are not recommended in single project mode. Requested project ID milkdelivery-64d5c, but the emulator is configured for demo-milk. To opt-out of single project mode add/set the '"singleProjectMode": false' property in the firebase.json emulators config.
 {"metadata":{"emulator":{"name":"firestore"},"message":"Multiple projectIds are not recommended in single project mode. Requested project ID milkdelivery-64d5c, but the emulator is configured for demo-milk. To opt-out of single project mode add/set the '\"singleProjectMode\": false' property in the firebase.json emulators config.\r\n"}}
[debug] [2026-02-26T21:06:50.604Z] Feb 27, 2026 2:36:50 AM io.gapi.emulators.netty.HttpVersionRoutingHandler channelRead
INFO: Detected non-HTTP/2 connection.
 {"metadata":{"emulator":{"name":"firestore"},"message":"Feb 27, 2026 2:36:50 AM io.gapi.emulators.netty.HttpVersionRoutingHandler channelRead\r\nINFO: Detected non-HTTP/2 connection.\r\n"}}
[debug] [2026-02-26T21:06:50.971Z] Feb 27, 2026 2:36:50 AM io.gapi.emulators.netty.HttpVersionRoutingHandler channelRead
INFO: Detected non-HTTP/2 connection.
 {"metadata":{"emulator":{"name":"firestore"},"message":"Feb 27, 2026 2:36:50 AM io.gapi.emulators.netty.HttpVersionRoutingHandler channelRead\r\nINFO: Detected non-HTTP/2 connection.\r\n"}}
[debug] [2026-02-26T21:06:56.616Z] Feb 27, 2026 2:36:56 AM io.gapi.emulators.netty.HttpVersionRoutingHandler channelRead
INFO: Detected non-HTTP/2 connection.
 {"metadata":{"emulator":{"name":"firestore"},"message":"Feb 27, 2026 2:36:56 AM io.gapi.emulators.netty.HttpVersionRoutingHandler channelRead\r\nINFO: Detected non-HTTP/2 connection.\r\n"}}
[debug] [2026-02-26T21:06:56.725Z] Multiple projectIds are not recommended in single project mode. Requested project ID milkdelivery-64d5c, but the emulator is configured for demo-milk. To opt-out of single project mode add/set the '"singleProjectMode": false' property in the firebase.json emulators config.
 {"metadata":{"emulator":{"name":"firestore"},"message":"Multiple projectIds are not recommended in single project mode. Requested project ID milkdelivery-64d5c, but the emulator is configured for demo-milk. To opt-out of single project mode add/set the '\"singleProjectMode\": false' property in the firebase.json emulators config.\r\n"}}
[debug] [2026-02-26T21:06:56.761Z] Feb 27, 2026 2:36:56 AM io.gapi.emulators.netty.HttpVersionRoutingHandler channelRead
INFO: Detected non-HTTP/2 connection.
 {"metadata":{"emulator":{"name":"firestore"},"message":"Feb 27, 2026 2:36:56 AM io.gapi.emulators.netty.HttpVersionRoutingHandler channelRead\r\nINFO: Detected non-HTTP/2 connection.\r\n"}}
[debug] [2026-02-26T21:06:56.861Z] Feb 27, 2026 2:36:56 AM io.gapi.emulators.netty.HttpVersionRoutingHandler channelRead
INFO: Detected non-HTTP/2 connection.
 {"metadata":{"emulator":{"name":"firestore"},"message":"Feb 27, 2026 2:36:56 AM io.gapi.emulators.netty.HttpVersionRoutingHandler channelRead\r\nINFO: Detected non-HTTP/2 connection.\r\n"}}
[debug] [2026-02-26T21:06:58.400Z] Feb 27, 2026 2:36:58 AM io.gapi.emulators.netty.HttpVersionRoutingHandler channelRead
INFO: Detected non-HTTP/2 connection.
 {"metadata":{"emulator":{"name":"firestore"},"message":"Feb 27, 2026 2:36:58 AM io.gapi.emulators.netty.HttpVersionRoutingHandler channelRead\r\nINFO: Detected non-HTTP/2 connection.\r\n"}}
[debug] [2026-02-26T21:06:58.715Z] Feb 27, 2026 2:36:58 AM io.gapi.emulators.netty.HttpVersionRoutingHandler channelRead
INFO: Detected non-HTTP/2 connection.
 {"metadata":{"emulator":{"name":"firestore"},"message":"Feb 27, 2026 2:36:58 AM io.gapi.emulators.netty.HttpVersionRoutingHandler channelRead\r\nINFO: Detected non-HTTP/2 connection.\r\n"}}
[debug] [2026-02-26T21:06:58.990Z] Feb 27, 2026 2:36:58 AM io.gapi.emulators.netty.HttpVersionRoutingHandler channelRead
INFO: Detected non-HTTP/2 connection.
 {"metadata":{"emulator":{"name":"firestore"},"message":"Feb 27, 2026 2:36:58 AM io.gapi.emulators.netty.HttpVersionRoutingHandler channelRead\r\nINFO: Detected non-HTTP/2 connection.\r\n"}}
[debug] [2026-02-26T21:06:59.185Z] Feb 27, 2026 2:36:59 AM io.gapi.emulators.netty.HttpVersionRoutingHandler channelRead
INFO: Detected non-HTTP/2 connection.
 {"metadata":{"emulator":{"name":"firestore"},"message":"Feb 27, 2026 2:36:59 AM io.gapi.emulators.netty.HttpVersionRoutingHandler channelRead\r\nINFO: Detected non-HTTP/2 connection.\r\n"}}
[debug] [2026-02-26T21:07:00.227Z] Feb 27, 2026 2:37:00 AM io.gapi.emulators.netty.HttpVersionRoutingHandler channelRead
INFO: Detected non-HTTP/2 connection.
 {"metadata":{"emulator":{"name":"firestore"},"message":"Feb 27, 2026 2:37:00 AM io.gapi.emulators.netty.HttpVersionRoutingHandler channelRead\r\nINFO: Detected non-HTTP/2 connection.\r\n"}}
[debug] [2026-02-26T21:07:00.290Z] Feb 27, 2026 2:37:00 AM io.gapi.emulators.netty.HttpVersionRoutingHandler channelRead
INFO: Detected non-HTTP/2 connection.
 {"metadata":{"emulator":{"name":"firestore"},"message":"Feb 27, 2026 2:37:00 AM io.gapi.emulators.netty.HttpVersionRoutingHandler channelRead\r\nINFO: Detected non-HTTP/2 connection.\r\n"}}
[debug] [2026-02-26T21:07:00.979Z] Feb 27, 2026 2:37:00 AM io.gapi.emulators.netty.HttpVersionRoutingHandler channelRead
INFO: Detected non-HTTP/2 connection.
 {"metadata":{"emulator":{"name":"firestore"},"message":"Feb 27, 2026 2:37:00 AM io.gapi.emulators.netty.HttpVersionRoutingHandler channelRead\r\nINFO: Detected non-HTTP/2 connection.\r\n"}}
[debug] [2026-02-26T21:07:01.005Z] Multiple projectIds are not recommended in single project mode. Requested project ID milkdelivery-64d5c, but the emulator is configured for demo-milk. To opt-out of single project mode add/set the '"singleProjectMode": false' property in the firebase.json emulators config.
 {"metadata":{"emulator":{"name":"firestore"},"message":"Multiple projectIds are not recommended in single project mode. Requested project ID milkdelivery-64d5c, but the emulator is configured for demo-milk. To opt-out of single project mode add/set the '\"singleProjectMode\": false' property in the firebase.json emulators config.\r\n"}}
[debug] [2026-02-26T21:07:01.053Z] Feb 27, 2026 2:37:01 AM io.gapi.emulators.netty.HttpVersionRoutingHandler channelRead
INFO: Detected non-HTTP/2 connection.
 {"metadata":{"emulator":{"name":"firestore"},"message":"Feb 27, 2026 2:37:01 AM io.gapi.emulators.netty.HttpVersionRoutingHandler channelRead\r\nINFO: Detected non-HTTP/2 connection.\r\n"}}
[debug] [2026-02-26T21:07:01.113Z] Feb 27, 2026 2:37:01 AM io.gapi.emulators.netty.HttpVersionRoutingHandler channelRead
INFO: Detected non-HTTP/2 connection.
 {"metadata":{"emulator":{"name":"firestore"},"message":"Feb 27, 2026 2:37:01 AM io.gapi.emulators.netty.HttpVersionRoutingHandler channelRead\r\nINFO: Detected non-HTTP/2 connection.\r\n"}}
[debug] [2026-02-26T21:07:01.225Z] Feb 27, 2026 2:37:01 AM io.gapi.emulators.netty.HttpVersionRoutingHandler channelRead
INFO: Detected non-HTTP/2 connection.
 {"metadata":{"emulator":{"name":"firestore"},"message":"Feb 27, 2026 2:37:01 AM io.gapi.emulators.netty.HttpVersionRoutingHandler channelRead\r\nINFO: Detected non-HTTP/2 connection.\r\n"}}
[debug] [2026-02-26T21:07:01.296Z] Feb 27, 2026 2:37:01 AM io.gapi.emulators.netty.HttpVersionRoutingHandler channelRead
INFO: Detected non-HTTP/2 connection.
 {"metadata":{"emulator":{"name":"firestore"},"message":"Feb 27, 2026 2:37:01 AM io.gapi.emulators.netty.HttpVersionRoutingHandler channelRead\r\nINFO: Detected non-HTTP/2 connection.\r\n"}}
[debug] [2026-02-26T21:07:02.734Z] Feb 27, 2026 2:37:02 AM io.gapi.emulators.netty.HttpVersionRoutingHandler channelRead
INFO: Detected non-HTTP/2 connection.
 {"metadata":{"emulator":{"name":"firestore"},"message":"Feb 27, 2026 2:37:02 AM io.gapi.emulators.netty.HttpVersionRoutingHandler channelRead\r\nINFO: Detected non-HTTP/2 connection.\r\n"}}
[debug] [2026-02-26T21:07:02.786Z] Feb 27, 2026 2:37:02 AM io.gapi.emulators.netty.HttpVersionRoutingHandler channelRead
INFO: Detected non-HTTP/2 connection.
 {"metadata":{"emulator":{"name":"firestore"},"message":"Feb 27, 2026 2:37:02 AM io.gapi.emulators.netty.HttpVersionRoutingHandler channelRead\r\nINFO: Detected non-HTTP/2 connection.\r\n"}}
[debug] [2026-02-26T21:07:03.561Z] Feb 27, 2026 2:37:03 AM io.gapi.emulators.netty.HttpVersionRoutingHandler channelRead
INFO: Detected non-HTTP/2 connection.
 {"metadata":{"emulator":{"name":"firestore"},"message":"Feb 27, 2026 2:37:03 AM io.gapi.emulators.netty.HttpVersionRoutingHandler channelRead\r\nINFO: Detected non-HTTP/2 connection.\r\n"}}
[debug] [2026-02-26T21:07:03.764Z] Feb 27, 2026 2:37:03 AM io.gapi.emulators.netty.HttpVersionRoutingHandler channelRead
INFO: Detected non-HTTP/2 connection.
 {"metadata":{"emulator":{"name":"firestore"},"message":"Feb 27, 2026 2:37:03 AM io.gapi.emulators.netty.HttpVersionRoutingHandler channelRead\r\nINFO: Detected non-HTTP/2 connection.\r\n"}}
[debug] [2026-02-26T21:07:03.896Z] Feb 27, 2026 2:37:03 AM io.gapi.emulators.netty.HttpVersionRoutingHandler channelRead
INFO: Detected non-HTTP/2 connection.
 {"metadata":{"emulator":{"name":"firestore"},"message":"Feb 27, 2026 2:37:03 AM io.gapi.emulators.netty.HttpVersionRoutingHandler channelRead\r\nINFO: Detected non-HTTP/2 connection.\r\n"}}
[debug] [2026-02-26T21:07:05.620Z] Feb 27, 2026 2:37:05 AM io.gapi.emulators.netty.HttpVersionRoutingHandler channelRead
INFO: Detected non-HTTP/2 connection.
 {"metadata":{"emulator":{"name":"firestore"},"message":"Feb 27, 2026 2:37:05 AM io.gapi.emulators.netty.HttpVersionRoutingHandler channelRead\r\nINFO: Detected non-HTTP/2 connection.\r\n"}}
[debug] [2026-02-26T21:07:05.709Z] Feb 27, 2026 2:37:05 AM io.gapi.emulators.netty.HttpVersionRoutingHandler channelRead
INFO: Detected non-HTTP/2 connection.
 {"metadata":{"emulator":{"name":"firestore"},"message":"Feb 27, 2026 2:37:05 AM io.gapi.emulators.netty.HttpVersionRoutingHandler channelRead\r\nINFO: Detected non-HTTP/2 connection.\r\n"}}
[debug] [2026-02-26T21:07:05.725Z] Feb 27, 2026 2:37:05 AM io.gapi.emulators.netty.HttpVersionRoutingHandler channelRead
INFO: Detected non-HTTP/2 connection.
 {"metadata":{"emulator":{"name":"firestore"},"message":"Feb 27, 2026 2:37:05 AM io.gapi.emulators.netty.HttpVersionRoutingHandler channelRead\r\nINFO: Detected non-HTTP/2 connection.\r\n"}}
[debug] [2026-02-26T21:07:05.862Z] Feb 27, 2026 2:37:05 AM io.gapi.emulators.netty.HttpVersionRoutingHandler channelRead
INFO: Detected non-HTTP/2 connection.
 {"metadata":{"emulator":{"name":"firestore"},"message":"Feb 27, 2026 2:37:05 AM io.gapi.emulators.netty.HttpVersionRoutingHandler channelRead\r\nINFO: Detected non-HTTP/2 connection.\r\n"}}
[debug] [2026-02-26T21:07:05.913Z] Feb 27, 2026 2:37:05 AM io.gapi.emulators.netty.HttpVersionRoutingHandler channelRead
INFO: Detected non-HTTP/2 connection.
 {"metadata":{"emulator":{"name":"firestore"},"message":"Feb 27, 2026 2:37:05 AM io.gapi.emulators.netty.HttpVersionRoutingHandler channelRead\r\nINFO: Detected non-HTTP/2 connection.\r\n"}}
[debug] [2026-02-26T21:07:05.956Z] Feb 27, 2026 2:37:05 AM io.gapi.emulators.netty.HttpVersionRoutingHandler channelRead
INFO: Detected non-HTTP/2 connection.
 {"metadata":{"emulator":{"name":"firestore"},"message":"Feb 27, 2026 2:37:05 AM io.gapi.emulators.netty.HttpVersionRoutingHandler channelRead\r\nINFO: Detected non-HTTP/2 connection.\r\n"}}
[debug] [2026-02-26T21:07:06.004Z] Feb 27, 2026 2:37:06 AM io.gapi.emulators.netty.HttpVersionRoutingHandler channelRead
INFO: Detected non-HTTP/2 connection.
 {"metadata":{"emulator":{"name":"firestore"},"message":"Feb 27, 2026 2:37:06 AM io.gapi.emulators.netty.HttpVersionRoutingHandler channelRead\r\nINFO: Detected non-HTTP/2 connection.\r\n"}}
[debug] [2026-02-26T21:07:06.020Z] Feb 27, 2026 2:37:06 AM io.gapi.emulators.netty.HttpVersionRoutingHandler channelRead
INFO: Detected non-HTTP/2 connection.
 {"metadata":{"emulator":{"name":"firestore"},"message":"Feb 27, 2026 2:37:06 AM io.gapi.emulators.netty.HttpVersionRoutingHandler channelRead\r\nINFO: Detected non-HTTP/2 connection.\r\n"}}
[debug] [2026-02-26T21:07:06.171Z] Feb 27, 2026 2:37:06 AM io.gapi.emulators.netty.HttpVersionRoutingHandler channelRead
INFO: Detected non-HTTP/2 connection.
 {"metadata":{"emulator":{"name":"firestore"},"message":"Feb 27, 2026 2:37:06 AM io.gapi.emulators.netty.HttpVersionRoutingHandler channelRead\r\nINFO: Detected non-HTTP/2 connection.\r\n"}}
[debug] [2026-02-26T21:07:06.256Z] Feb 27, 2026 2:37:06 AM io.gapi.emulators.netty.HttpVersionRoutingHandler channelRead
INFO: Detected non-HTTP/2 connection.
 {"metadata":{"emulator":{"name":"firestore"},"message":"Feb 27, 2026 2:37:06 AM io.gapi.emulators.netty.HttpVersionRoutingHandler channelRead\r\nINFO: Detected non-HTTP/2 connection.\r\n"}}
[debug] [2026-02-26T21:07:06.357Z] Feb 27, 2026 2:37:06 AM io.gapi.emulators.netty.HttpVersionRoutingHandler channelRead
INFO: Detected non-HTTP/2 connection.
 {"metadata":{"emulator":{"name":"firestore"},"message":"Feb 27, 2026 2:37:06 AM io.gapi.emulators.netty.HttpVersionRoutingHandler channelRead\r\nINFO: Detected non-HTTP/2 connection.\r\n"}}
[debug] [2026-02-26T21:07:08.035Z] Feb 27, 2026 2:37:08 AM io.gapi.emulators.netty.HttpVersionRoutingHandler channelRead
INFO: Detected non-HTTP/2 connection.
 {"metadata":{"emulator":{"name":"firestore"},"message":"Feb 27, 2026 2:37:08 AM io.gapi.emulators.netty.HttpVersionRoutingHandler channelRead\r\nINFO: Detected non-HTTP/2 connection.\r\n"}}
[debug] [2026-02-26T21:07:08.111Z] Feb 27, 2026 2:37:08 AM io.gapi.emulators.netty.HttpVersionRoutingHandler channelRead
INFO: Detected non-HTTP/2 connection.
 {"metadata":{"emulator":{"name":"firestore"},"message":"Feb 27, 2026 2:37:08 AM io.gapi.emulators.netty.HttpVersionRoutingHandler channelRead\r\nINFO: Detected non-HTTP/2 connection.\r\n"}}
[debug] [2026-02-26T21:07:08.115Z] Feb 27, 2026 2:37:08 AM io.gapi.emulators.netty.HttpVersionRoutingHandler channelRead
INFO: Detected non-HTTP/2 connection.
 {"metadata":{"emulator":{"name":"firestore"},"message":"Feb 27, 2026 2:37:08 AM io.gapi.emulators.netty.HttpVersionRoutingHandler channelRead\r\nINFO: Detected non-HTTP/2 connection.\r\n"}}
[debug] [2026-02-26T21:07:08.222Z] Feb 27, 2026 2:37:08 AM io.gapi.emulators.netty.HttpVersionRoutingHandler channelRead
INFO: Detected non-HTTP/2 connection.
 {"metadata":{"emulator":{"name":"firestore"},"message":"Feb 27, 2026 2:37:08 AM io.gapi.emulators.netty.HttpVersionRoutingHandler channelRead\r\nINFO: Detected non-HTTP/2 connection.\r\n"}}
[debug] [2026-02-26T21:07:08.283Z] Feb 27, 2026 2:37:08 AM io.gapi.emulators.netty.HttpVersionRoutingHandler channelRead
INFO: Detected non-HTTP/2 connection.
 {"metadata":{"emulator":{"name":"firestore"},"message":"Feb 27, 2026 2:37:08 AM io.gapi.emulators.netty.HttpVersionRoutingHandler channelRead\r\nINFO: Detected non-HTTP/2 connection.\r\n"}}
[debug] [2026-02-26T21:07:08.336Z] Feb 27, 2026 2:37:08 AM io.gapi.emulators.netty.HttpVersionRoutingHandler channelRead
INFO: Detected non-HTTP/2 connection.
 {"metadata":{"emulator":{"name":"firestore"},"message":"Feb 27, 2026 2:37:08 AM io.gapi.emulators.netty.HttpVersionRoutingHandler channelRead\r\nINFO: Detected non-HTTP/2 connection.\r\n"}}
[debug] [2026-02-26T21:07:08.344Z] Feb 27, 2026 2:37:08 AM io.gapi.emulators.netty.HttpVersionRoutingHandler channelRead
INFO: Detected non-HTTP/2 connection.
 {"metadata":{"emulator":{"name":"firestore"},"message":"Feb 27, 2026 2:37:08 AM io.gapi.emulators.netty.HttpVersionRoutingHandler channelRead\r\nINFO: Detected non-HTTP/2 connection.\r\n"}}
[debug] [2026-02-26T21:07:08.408Z] Feb 27, 2026 2:37:08 AM io.gapi.emulators.netty.HttpVersionRoutingHandler channelRead
INFO: Detected non-HTTP/2 connection.
 {"metadata":{"emulator":{"name":"firestore"},"message":"Feb 27, 2026 2:37:08 AM io.gapi.emulators.netty.HttpVersionRoutingHandler channelRead\r\nINFO: Detected non-HTTP/2 connection.\r\n"}}
[debug] [2026-02-26T21:07:08.475Z] Feb 27, 2026 2:37:08 AM io.gapi.emulators.netty.HttpVersionRoutingHandler channelRead
INFO: Detected non-HTTP/2 connection.
 {"metadata":{"emulator":{"name":"firestore"},"message":"Feb 27, 2026 2:37:08 AM io.gapi.emulators.netty.HttpVersionRoutingHandler channelRead\r\nINFO: Detected non-HTTP/2 connection.\r\n"}}
[debug] [2026-02-26T21:07:08.551Z] Feb 27, 2026 2:37:08 AM io.gapi.emulators.netty.HttpVersionRoutingHandler channelRead
INFO: Detected non-HTTP/2 connection.
 {"metadata":{"emulator":{"name":"firestore"},"message":"Feb 27, 2026 2:37:08 AM io.gapi.emulators.netty.HttpVersionRoutingHandler channelRead\r\nINFO: Detected non-HTTP/2 connection.\r\n"}}
[debug] [2026-02-26T21:07:10.035Z] Feb 27, 2026 2:37:10 AM io.gapi.emulators.netty.HttpVersionRoutingHandler channelRead
INFO: Detected non-HTTP/2 connection.
 {"metadata":{"emulator":{"name":"firestore"},"message":"Feb 27, 2026 2:37:10 AM io.gapi.emulators.netty.HttpVersionRoutingHandler channelRead\r\nINFO: Detected non-HTTP/2 connection.\r\n"}}
[debug] [2026-02-26T21:07:11.661Z] Feb 27, 2026 2:37:11 AM io.gapi.emulators.netty.HttpVersionRoutingHandler channelRead
INFO: Detected non-HTTP/2 connection.
 {"metadata":{"emulator":{"name":"firestore"},"message":"Feb 27, 2026 2:37:11 AM io.gapi.emulators.netty.HttpVersionRoutingHandler channelRead\r\nINFO: Detected non-HTTP/2 connection.\r\n"}}
[debug] [2026-02-26T21:07:11.698Z] Multiple projectIds are not recommended in single project mode. Requested project ID milkdelivery-64d5c, but the emulator is configured for demo-milk. To opt-out of single project mode add/set the '"singleProjectMode": false' property in the firebase.json emulators config.
 {"metadata":{"emulator":{"name":"firestore"},"message":"Multiple projectIds are not recommended in single project mode. Requested project ID milkdelivery-64d5c, but the emulator is configured for demo-milk. To opt-out of single project mode add/set the '\"singleProjectMode\": false' property in the firebase.json emulators config.\r\n"}}
[debug] [2026-02-26T21:07:11.716Z] Feb 27, 2026 2:37:11 AM io.gapi.emulators.netty.HttpVersionRoutingHandler channelRead
INFO: Detected non-HTTP/2 connection.
 {"metadata":{"emulator":{"name":"firestore"},"message":"Feb 27, 2026 2:37:11 AM io.gapi.emulators.netty.HttpVersionRoutingHandler channelRead\r\nINFO: Detected non-HTTP/2 connection.\r\n"}}
[debug] [2026-02-26T21:07:11.805Z] Feb 27, 2026 2:37:11 AM io.gapi.emulators.netty.HttpVersionRoutingHandler channelRead
INFO: Detected non-HTTP/2 connection.
 {"metadata":{"emulator":{"name":"firestore"},"message":"Feb 27, 2026 2:37:11 AM io.gapi.emulators.netty.HttpVersionRoutingHandler channelRead\r\nINFO: Detected non-HTTP/2 connection.\r\n"}}
[debug] [2026-02-26T21:07:11.985Z] Feb 27, 2026 2:37:11 AM io.gapi.emulators.netty.HttpVersionRoutingHandler channelRead
INFO: Detected non-HTTP/2 connection.
 {"metadata":{"emulator":{"name":"firestore"},"message":"Feb 27, 2026 2:37:11 AM io.gapi.emulators.netty.HttpVersionRoutingHandler channelRead\r\nINFO: Detected non-HTTP/2 connection.\r\n"}}
[debug] [2026-02-26T21:07:12.297Z] Feb 27, 2026 2:37:12 AM io.gapi.emulators.netty.HttpVersionRoutingHandler channelRead
INFO: Detected non-HTTP/2 connection.
 {"metadata":{"emulator":{"name":"firestore"},"message":"Feb 27, 2026 2:37:12 AM io.gapi.emulators.netty.HttpVersionRoutingHandler channelRead\r\nINFO: Detected non-HTTP/2 connection.\r\n"}}
[debug] [2026-02-26T21:07:12.350Z] Feb 27, 2026 2:37:12 AM io.gapi.emulators.netty.HttpVersionRoutingHandler channelRead
INFO: Detected non-HTTP/2 connection.
 {"metadata":{"emulator":{"name":"firestore"},"message":"Feb 27, 2026 2:37:12 AM io.gapi.emulators.netty.HttpVersionRoutingHandler channelRead\r\nINFO: Detected non-HTTP/2 connection.\r\n"}}
[debug] [2026-02-26T21:07:16.682Z] Feb 27, 2026 2:37:16 AM io.gapi.emulators.netty.HttpVersionRoutingHandler channelRead
INFO: Detected non-HTTP/2 connection.
 {"metadata":{"emulator":{"name":"firestore"},"message":"Feb 27, 2026 2:37:16 AM io.gapi.emulators.netty.HttpVersionRoutingHandler channelRead\r\nINFO: Detected non-HTTP/2 connection.\r\n"}}
[debug] [2026-02-26T21:07:16.852Z] Multiple projectIds are not recommended in single project mode. Requested project ID milkdelivery-64d5c, but the emulator is configured for demo-milk. To opt-out of single project mode add/set the '"singleProjectMode": false' property in the firebase.json emulators config.
 {"metadata":{"emulator":{"name":"firestore"},"message":"Multiple projectIds are not recommended in single project mode. Requested project ID milkdelivery-64d5c, but the emulator is configured for demo-milk. To opt-out of single project mode add/set the '\"singleProjectMode\": false' property in the firebase.json emulators config.\r\n"}}
[debug] [2026-02-26T21:07:16.874Z] Feb 27, 2026 2:37:16 AM io.gapi.emulators.netty.HttpVersionRoutingHandler channelRead
INFO: Detected non-HTTP/2 connection.
 {"metadata":{"emulator":{"name":"firestore"},"message":"Feb 27, 2026 2:37:16 AM io.gapi.emulators.netty.HttpVersionRoutingHandler channelRead\r\nINFO: Detected non-HTTP/2 connection.\r\n"}}
[debug] [2026-02-26T21:07:17.339Z] Feb 27, 2026 2:37:17 AM io.gapi.emulators.netty.HttpVersionRoutingHandler channelRead
INFO: Detected non-HTTP/2 connection.
 {"metadata":{"emulator":{"name":"firestore"},"message":"Feb 27, 2026 2:37:17 AM io.gapi.emulators.netty.HttpVersionRoutingHandler channelRead\r\nINFO: Detected non-HTTP/2 connection.\r\n"}}
[debug] [2026-02-26T21:07:17.757Z] Feb 27, 2026 2:37:17 AM io.gapi.emulators.netty.HttpVersionRoutingHandler channelRead
INFO: Detected non-HTTP/2 connection.
 {"metadata":{"emulator":{"name":"firestore"},"message":"Feb 27, 2026 2:37:17 AM io.gapi.emulators.netty.HttpVersionRoutingHandler channelRead\r\nINFO: Detected non-HTTP/2 connection.\r\n"}}
[debug] [2026-02-26T21:07:18.002Z] Feb 27, 2026 2:37:18 AM io.gapi.emulators.netty.HttpVersionRoutingHandler channelRead
INFO: Detected non-HTTP/2 connection.
 {"metadata":{"emulator":{"name":"firestore"},"message":"Feb 27, 2026 2:37:18 AM io.gapi.emulators.netty.HttpVersionRoutingHandler channelRead\r\nINFO: Detected non-HTTP/2 connection.\r\n"}}
[debug] [2026-02-26T21:07:18.105Z] Feb 27, 2026 2:37:18 AM io.gapi.emulators.netty.HttpVersionRoutingHandler channelRead
INFO: Detected non-HTTP/2 connection.
 {"metadata":{"emulator":{"name":"firestore"},"message":"Feb 27, 2026 2:37:18 AM io.gapi.emulators.netty.HttpVersionRoutingHandler channelRead\r\nINFO: Detected non-HTTP/2 connection.\r\n"}}
[debug] [2026-02-26T21:07:18.661Z] Feb 27, 2026 2:37:18 AM io.gapi.emulators.netty.HttpVersionRoutingHandler channelRead
INFO: Detected non-HTTP/2 connection.
 {"metadata":{"emulator":{"name":"firestore"},"message":"Feb 27, 2026 2:37:18 AM io.gapi.emulators.netty.HttpVersionRoutingHandler channelRead\r\nINFO: Detected non-HTTP/2 connection.\r\n"}}
[debug] [2026-02-26T21:08:30.755Z] Feb 27, 2026 2:38:30 AM io.gapi.emulators.netty.HttpVersionRoutingHandler channelRead
INFO: Detected non-HTTP/2 connection.
 {"metadata":{"emulator":{"name":"firestore"},"message":"Feb 27, 2026 2:38:30 AM io.gapi.emulators.netty.HttpVersionRoutingHandler channelRead\r\nINFO: Detected non-HTTP/2 connection.\r\n"}}
[debug] [2026-02-26T21:08:30.933Z] Multiple projectIds are not recommended in single project mode. Requested project ID milkdelivery-64d5c, but the emulator is configured for demo-milk. To opt-out of single project mode add/set the '"singleProjectMode": false' property in the firebase.json emulators config.
 {"metadata":{"emulator":{"name":"firestore"},"message":"Multiple projectIds are not recommended in single project mode. Requested project ID milkdelivery-64d5c, but the emulator is configured for demo-milk. To opt-out of single project mode add/set the '\"singleProjectMode\": false' property in the firebase.json emulators config.\r\n"}}
[debug] [2026-02-26T21:08:30.970Z] Feb 27, 2026 2:38:30 AM io.gapi.emulators.netty.HttpVersionRoutingHandler channelRead
INFO: Detected non-HTTP/2 connection.
 {"metadata":{"emulator":{"name":"firestore"},"message":"Feb 27, 2026 2:38:30 AM io.gapi.emulators.netty.HttpVersionRoutingHandler channelRead\r\nINFO: Detected non-HTTP/2 connection.\r\n"}}
[debug] [2026-02-26T21:08:31.099Z] Feb 27, 2026 2:38:31 AM io.gapi.emulators.netty.HttpVersionRoutingHandler channelRead
INFO: Detected non-HTTP/2 connection.
 {"metadata":{"emulator":{"name":"firestore"},"message":"Feb 27, 2026 2:38:31 AM io.gapi.emulators.netty.HttpVersionRoutingHandler channelRead\r\nINFO: Detected non-HTTP/2 connection.\r\n"}}
[debug] [2026-02-26T21:08:31.116Z] Feb 27, 2026 2:38:31 AM io.gapi.emulators.netty.HttpVersionRoutingHandler channelRead
INFO: Detected non-HTTP/2 connection.
 {"metadata":{"emulator":{"name":"firestore"},"message":"Feb 27, 2026 2:38:31 AM io.gapi.emulators.netty.HttpVersionRoutingHandler channelRead\r\nINFO: Detected non-HTTP/2 connection.\r\n"}}
[debug] [2026-02-26T21:08:31.284Z] Multiple projectIds are not recommended in single project mode. Requested project ID milkdelivery-64d5c, but the emulator is configured for demo-milk. To opt-out of single project mode add/set the '"singleProjectMode": false' property in the firebase.json emulators config.
 {"metadata":{"emulator":{"name":"firestore"},"message":"Multiple projectIds are not recommended in single project mode. Requested project ID milkdelivery-64d5c, but the emulator is configured for demo-milk. To opt-out of single project mode add/set the '\"singleProjectMode\": false' property in the firebase.json emulators config.\r\n"}}
[debug] [2026-02-26T21:08:31.337Z] Feb 27, 2026 2:38:31 AM io.gapi.emulators.netty.HttpVersionRoutingHandler channelRead
INFO: Detected non-HTTP/2 connection.
 {"metadata":{"emulator":{"name":"firestore"},"message":"Feb 27, 2026 2:38:31 AM io.gapi.emulators.netty.HttpVersionRoutingHandler channelRead\r\nINFO: Detected non-HTTP/2 connection.\r\n"}}
[debug] [2026-02-26T21:08:31.890Z] Feb 27, 2026 2:38:31 AM io.gapi.emulators.netty.HttpVersionRoutingHandler channelRead
INFO: Detected non-HTTP/2 connection.
 {"metadata":{"emulator":{"name":"firestore"},"message":"Feb 27, 2026 2:38:31 AM io.gapi.emulators.netty.HttpVersionRoutingHandler channelRead\r\nINFO: Detected non-HTTP/2 connection.\r\n"}}
[debug] [2026-02-26T21:08:40.499Z] Feb 27, 2026 2:38:40 AM io.gapi.emulators.netty.HttpVersionRoutingHandler channelRead
INFO: Detected non-HTTP/2 connection.
 {"metadata":{"emulator":{"name":"firestore"},"message":"Feb 27, 2026 2:38:40 AM io.gapi.emulators.netty.HttpVersionRoutingHandler channelRead\r\nINFO: Detected non-HTTP/2 connection.\r\n"}}
[debug] [2026-02-26T21:08:41.569Z] Multiple projectIds are not recommended in single project mode. Requested project ID milkdelivery-64d5c, but the emulator is configured for demo-milk. To opt-out of single project mode add/set the '"singleProjectMode": false' property in the firebase.json emulators config.
 {"metadata":{"emulator":{"name":"firestore"},"message":"Multiple projectIds are not recommended in single project mode. Requested project ID milkdelivery-64d5c, but the emulator is configured for demo-milk. To opt-out of single project mode add/set the '\"singleProjectMode\": false' property in the firebase.json emulators config.\r\n"}}
[debug] [2026-02-26T21:08:42.196Z] Feb 27, 2026 2:38:42 AM io.gapi.emulators.netty.HttpVersionRoutingHandler channelRead
INFO: Detected non-HTTP/2 connection.
 {"metadata":{"emulator":{"name":"firestore"},"message":"Feb 27, 2026 2:38:42 AM io.gapi.emulators.netty.HttpVersionRoutingHandler channelRead\r\nINFO: Detected non-HTTP/2 connection.\r\n"}}
[debug] [2026-02-26T21:08:42.396Z] Feb 27, 2026 2:38:42 AM io.gapi.emulators.netty.HttpVersionRoutingHandler channelRead
INFO: Detected non-HTTP/2 connection.
 {"metadata":{"emulator":{"name":"firestore"},"message":"Feb 27, 2026 2:38:42 AM io.gapi.emulators.netty.HttpVersionRoutingHandler channelRead\r\nINFO: Detected non-HTTP/2 connection.\r\n"}}
[debug] [2026-02-26T21:08:44.738Z] Feb 27, 2026 2:38:44 AM io.gapi.emulators.netty.HttpVersionRoutingHandler channelRead
INFO: Detected non-HTTP/2 connection.
 {"metadata":{"emulator":{"name":"firestore"},"message":"Feb 27, 2026 2:38:44 AM io.gapi.emulators.netty.HttpVersionRoutingHandler channelRead\r\nINFO: Detected non-HTTP/2 connection.\r\n"}}
[debug] [2026-02-26T21:08:45.278Z] Feb 27, 2026 2:38:45 AM io.gapi.emulators.netty.HttpVersionRoutingHandler channelRead
INFO: Detected non-HTTP/2 connection.
 {"metadata":{"emulator":{"name":"firestore"},"message":"Feb 27, 2026 2:38:45 AM io.gapi.emulators.netty.HttpVersionRoutingHandler channelRead\r\nINFO: Detected non-HTTP/2 connection.\r\n"}}
[debug] [2026-02-26T21:08:45.825Z] Feb 27, 2026 2:38:45 AM io.gapi.emulators.netty.HttpVersionRoutingHandler channelRead
INFO: Detected non-HTTP/2 connection.
 {"metadata":{"emulator":{"name":"firestore"},"message":"Feb 27, 2026 2:38:45 AM io.gapi.emulators.netty.HttpVersionRoutingHandler channelRead\r\nINFO: Detected non-HTTP/2 connection.\r\n"}}
[debug] [2026-02-26T21:08:45.961Z] Feb 27, 2026 2:38:45 AM io.gapi.emulators.netty.HttpVersionRoutingHandler channelRead
INFO: Detected non-HTTP/2 connection.
 {"metadata":{"emulator":{"name":"firestore"},"message":"Feb 27, 2026 2:38:45 AM io.gapi.emulators.netty.HttpVersionRoutingHandler channelRead\r\nINFO: Detected non-HTTP/2 connection.\r\n"}}
[debug] [2026-02-26T21:08:47.252Z] Feb 27, 2026 2:38:47 AM io.gapi.emulators.netty.HttpVersionRoutingHandler channelRead
INFO: Detected non-HTTP/2 connection.
 {"metadata":{"emulator":{"name":"firestore"},"message":"Feb 27, 2026 2:38:47 AM io.gapi.emulators.netty.HttpVersionRoutingHandler channelRead\r\nINFO: Detected non-HTTP/2 connection.\r\n"}}
[debug] [2026-02-26T21:08:47.397Z] Feb 27, 2026 2:38:47 AM io.gapi.emulators.netty.HttpVersionRoutingHandler channelRead
INFO: Detected non-HTTP/2 connection.
 {"metadata":{"emulator":{"name":"firestore"},"message":"Feb 27, 2026 2:38:47 AM io.gapi.emulators.netty.HttpVersionRoutingHandler channelRead\r\nINFO: Detected non-HTTP/2 connection.\r\n"}}
[debug] [2026-02-26T21:08:48.512Z] Feb 27, 2026 2:38:48 AM io.gapi.emulators.netty.HttpVersionRoutingHandler channelRead
INFO: Detected non-HTTP/2 connection.
 {"metadata":{"emulator":{"name":"firestore"},"message":"Feb 27, 2026 2:38:48 AM io.gapi.emulators.netty.HttpVersionRoutingHandler channelRead\r\nINFO: Detected non-HTTP/2 connection.\r\n"}}
[debug] [2026-02-26T21:08:48.562Z] Multiple projectIds are not recommended in single project mode. Requested project ID milkdelivery-64d5c, but the emulator is configured for demo-milk. To opt-out of single project mode add/set the '"singleProjectMode": false' property in the firebase.json emulators config.
 {"metadata":{"emulator":{"name":"firestore"},"message":"Multiple projectIds are not recommended in single project mode. Requested project ID milkdelivery-64d5c, but the emulator is configured for demo-milk. To opt-out of single project mode add/set the '\"singleProjectMode\": false' property in the firebase.json emulators config.\r\n"}}
[debug] [2026-02-26T21:08:48.635Z] Feb 27, 2026 2:38:48 AM io.gapi.emulators.netty.HttpVersionRoutingHandler channelRead
INFO: Detected non-HTTP/2 connection.
 {"metadata":{"emulator":{"name":"firestore"},"message":"Feb 27, 2026 2:38:48 AM io.gapi.emulators.netty.HttpVersionRoutingHandler channelRead\r\nINFO: Detected non-HTTP/2 connection.\r\n"}}
[debug] [2026-02-26T21:08:48.770Z] Feb 27, 2026 2:38:48 AM io.gapi.emulators.netty.HttpVersionRoutingHandler channelRead
INFO: Detected non-HTTP/2 connection.
 {"metadata":{"emulator":{"name":"firestore"},"message":"Feb 27, 2026 2:38:48 AM io.gapi.emulators.netty.HttpVersionRoutingHandler channelRead\r\nINFO: Detected non-HTTP/2 connection.\r\n"}}
[debug] [2026-02-26T21:08:48.947Z] Feb 27, 2026 2:38:48 AM io.gapi.emulators.netty.HttpVersionRoutingHandler channelRead
INFO: Detected non-HTTP/2 connection.
 {"metadata":{"emulator":{"name":"firestore"},"message":"Feb 27, 2026 2:38:48 AM io.gapi.emulators.netty.HttpVersionRoutingHandler channelRead\r\nINFO: Detected non-HTTP/2 connection.\r\n"}}
[debug] [2026-02-26T21:08:49.241Z] Feb 27, 2026 2:38:49 AM io.gapi.emulators.netty.HttpVersionRoutingHandler channelRead
INFO: Detected non-HTTP/2 connection.
 {"metadata":{"emulator":{"name":"firestore"},"message":"Feb 27, 2026 2:38:49 AM io.gapi.emulators.netty.HttpVersionRoutingHandler channelRead\r\nINFO: Detected non-HTTP/2 connection.\r\n"}}
[debug] [2026-02-26T21:08:50.790Z] Feb 27, 2026 2:38:50 AM io.gapi.emulators.netty.HttpVersionRoutingHandler channelRead
INFO: Detected non-HTTP/2 connection.
 {"metadata":{"emulator":{"name":"firestore"},"message":"Feb 27, 2026 2:38:50 AM io.gapi.emulators.netty.HttpVersionRoutingHandler channelRead\r\nINFO: Detected non-HTTP/2 connection.\r\n"}}
[debug] [2026-02-26T21:08:50.854Z] Feb 27, 2026 2:38:50 AM io.gapi.emulators.netty.HttpVersionRoutingHandler channelRead
INFO: Detected non-HTTP/2 connection.
 {"metadata":{"emulator":{"name":"firestore"},"message":"Feb 27, 2026 2:38:50 AM io.gapi.emulators.netty.HttpVersionRoutingHandler channelRead\r\nINFO: Detected non-HTTP/2 connection.\r\n"}}
[debug] [2026-02-26T21:08:51.807Z] Feb 27, 2026 2:38:51 AM io.gapi.emulators.netty.HttpVersionRoutingHandler channelRead
INFO: Detected non-HTTP/2 connection.
 {"metadata":{"emulator":{"name":"firestore"},"message":"Feb 27, 2026 2:38:51 AM io.gapi.emulators.netty.HttpVersionRoutingHandler channelRead\r\nINFO: Detected non-HTTP/2 connection.\r\n"}}
[debug] [2026-02-26T21:08:52.082Z] Feb 27, 2026 2:38:52 AM io.gapi.emulators.netty.HttpVersionRoutingHandler channelRead
INFO: Detected non-HTTP/2 connection.
 {"metadata":{"emulator":{"name":"firestore"},"message":"Feb 27, 2026 2:38:52 AM io.gapi.emulators.netty.HttpVersionRoutingHandler channelRead\r\nINFO: Detected non-HTTP/2 connection.\r\n"}}
[debug] [2026-02-26T21:08:52.264Z] Feb 27, 2026 2:38:52 AM io.gapi.emulators.netty.HttpVersionRoutingHandler channelRead
INFO: Detected non-HTTP/2 connection.
 {"metadata":{"emulator":{"name":"firestore"},"message":"Feb 27, 2026 2:38:52 AM io.gapi.emulators.netty.HttpVersionRoutingHandler channelRead\r\nINFO: Detected non-HTTP/2 connection.\r\n"}}
[debug] [2026-02-26T21:08:52.456Z] Feb 27, 2026 2:38:52 AM io.gapi.emulators.netty.HttpVersionRoutingHandler channelRead
INFO: Detected non-HTTP/2 connection.
 {"metadata":{"emulator":{"name":"firestore"},"message":"Feb 27, 2026 2:38:52 AM io.gapi.emulators.netty.HttpVersionRoutingHandler channelRead\r\nINFO: Detected non-HTTP/2 connection.\r\n"}}
[debug] [2026-02-26T21:08:53.739Z] Feb 27, 2026 2:38:53 AM io.gapi.emulators.netty.HttpVersionRoutingHandler channelRead
INFO: Detected non-HTTP/2 connection.
 {"metadata":{"emulator":{"name":"firestore"},"message":"Feb 27, 2026 2:38:53 AM io.gapi.emulators.netty.HttpVersionRoutingHandler channelRead\r\nINFO: Detected non-HTTP/2 connection.\r\n"}}
[debug] [2026-02-26T21:08:53.826Z] Feb 27, 2026 2:38:53 AM io.gapi.emulators.netty.HttpVersionRoutingHandler channelRead
INFO: Detected non-HTTP/2 connection.
 {"metadata":{"emulator":{"name":"firestore"},"message":"Feb 27, 2026 2:38:53 AM io.gapi.emulators.netty.HttpVersionRoutingHandler channelRead\r\nINFO: Detected non-HTTP/2 connection.\r\n"}}
[debug] [2026-02-26T21:08:53.834Z] Feb 27, 2026 2:38:53 AM io.gapi.emulators.netty.HttpVersionRoutingHandler channelRead
INFO: Detected non-HTTP/2 connection.
 {"metadata":{"emulator":{"name":"firestore"},"message":"Feb 27, 2026 2:38:53 AM io.gapi.emulators.netty.HttpVersionRoutingHandler channelRead\r\nINFO: Detected non-HTTP/2 connection.\r\n"}}
[debug] [2026-02-26T21:08:54.092Z] Feb 27, 2026 2:38:54 AM io.gapi.emulators.netty.HttpVersionRoutingHandler channelRead
INFO: Detected non-HTTP/2 connection.
 {"metadata":{"emulator":{"name":"firestore"},"message":"Feb 27, 2026 2:38:54 AM io.gapi.emulators.netty.HttpVersionRoutingHandler channelRead\r\nINFO: Detected non-HTTP/2 connection.\r\n"}}
[debug] [2026-02-26T21:08:54.194Z] Feb 27, 2026 2:38:54 AM io.gapi.emulators.netty.HttpVersionRoutingHandler channelRead
INFO: Detected non-HTTP/2 connection.
 {"metadata":{"emulator":{"name":"firestore"},"message":"Feb 27, 2026 2:38:54 AM io.gapi.emulators.netty.HttpVersionRoutingHandler channelRead\r\nINFO: Detected non-HTTP/2 connection.\r\n"}}
[debug] [2026-02-26T21:08:54.263Z] Feb 27, 2026 2:38:54 AM io.gapi.emulators.netty.HttpVersionRoutingHandler channelRead
INFO: Detected non-HTTP/2 connection.
 {"metadata":{"emulator":{"name":"firestore"},"message":"Feb 27, 2026 2:38:54 AM io.gapi.emulators.netty.HttpVersionRoutingHandler channelRead\r\nINFO: Detected non-HTTP/2 connection.\r\n"}}
[debug] [2026-02-26T21:08:54.354Z] Feb 27, 2026 2:38:54 AM io.gapi.emulators.netty.HttpVersionRoutingHandler channelRead
INFO: Detected non-HTTP/2 connection.
 {"metadata":{"emulator":{"name":"firestore"},"message":"Feb 27, 2026 2:38:54 AM io.gapi.emulators.netty.HttpVersionRoutingHandler channelRead\r\nINFO: Detected non-HTTP/2 connection.\r\n"}}
[debug] [2026-02-26T21:08:54.662Z] Feb 27, 2026 2:38:54 AM io.gapi.emulators.netty.HttpVersionRoutingHandler channelRead
INFO: Detected non-HTTP/2 connection.
 {"metadata":{"emulator":{"name":"firestore"},"message":"Feb 27, 2026 2:38:54 AM io.gapi.emulators.netty.HttpVersionRoutingHandler channelRead\r\nINFO: Detected non-HTTP/2 connection.\r\n"}}
[debug] [2026-02-26T21:08:54.850Z] Feb 27, 2026 2:38:54 AM io.gapi.emulators.netty.HttpVersionRoutingHandler channelRead
INFO: Detected non-HTTP/2 connection.
 {"metadata":{"emulator":{"name":"firestore"},"message":"Feb 27, 2026 2:38:54 AM io.gapi.emulators.netty.HttpVersionRoutingHandler channelRead\r\nINFO: Detected non-HTTP/2 connection.\r\n"}}
[debug] [2026-02-26T21:08:55.022Z] Feb 27, 2026 2:38:55 AM io.gapi.emulators.netty.HttpVersionRoutingHandler channelRead
INFO: Detected non-HTTP/2 connection.
 {"metadata":{"emulator":{"name":"firestore"},"message":"Feb 27, 2026 2:38:55 AM io.gapi.emulators.netty.HttpVersionRoutingHandler channelRead\r\nINFO: Detected non-HTTP/2 connection.\r\n"}}
[debug] [2026-02-26T21:08:58.040Z] Feb 27, 2026 2:38:58 AM io.gapi.emulators.netty.HttpVersionRoutingHandler channelRead
INFO: Detected non-HTTP/2 connection.
 {"metadata":{"emulator":{"name":"firestore"},"message":"Feb 27, 2026 2:38:58 AM io.gapi.emulators.netty.HttpVersionRoutingHandler channelRead\r\nINFO: Detected non-HTTP/2 connection.\r\n"}}
[debug] [2026-02-26T21:08:58.116Z] Feb 27, 2026 2:38:58 AM io.gapi.emulators.netty.HttpVersionRoutingHandler channelRead
INFO: Detected non-HTTP/2 connection.
 {"metadata":{"emulator":{"name":"firestore"},"message":"Feb 27, 2026 2:38:58 AM io.gapi.emulators.netty.HttpVersionRoutingHandler channelRead\r\nINFO: Detected non-HTTP/2 connection.\r\n"}}
[debug] [2026-02-26T21:08:58.144Z] Feb 27, 2026 2:38:58 AM io.gapi.emulators.netty.HttpVersionRoutingHandler channelRead
INFO: Detected non-HTTP/2 connection.
 {"metadata":{"emulator":{"name":"firestore"},"message":"Feb 27, 2026 2:38:58 AM io.gapi.emulators.netty.HttpVersionRoutingHandler channelRead\r\nINFO: Detected non-HTTP/2 connection.\r\n"}}
[debug] [2026-02-26T21:08:58.848Z] Feb 27, 2026 2:38:58 AM io.gapi.emulators.netty.HttpVersionRoutingHandler channelRead
INFO: Detected non-HTTP/2 connection.
 {"metadata":{"emulator":{"name":"firestore"},"message":"Feb 27, 2026 2:38:58 AM io.gapi.emulators.netty.HttpVersionRoutingHandler channelRead\r\nINFO: Detected non-HTTP/2 connection.\r\n"}}
[debug] [2026-02-26T21:08:59.164Z] Feb 27, 2026 2:38:59 AM io.gapi.emulators.netty.HttpVersionRoutingHandler channelRead
INFO: Detected non-HTTP/2 connection.
 {"metadata":{"emulator":{"name":"firestore"},"message":"Feb 27, 2026 2:38:59 AM io.gapi.emulators.netty.HttpVersionRoutingHandler channelRead\r\nINFO: Detected non-HTTP/2 connection.\r\n"}}
[debug] [2026-02-26T21:08:59.399Z] Feb 27, 2026 2:38:59 AM io.gapi.emulators.netty.HttpVersionRoutingHandler channelRead
INFO: Detected non-HTTP/2 connection.
 {"metadata":{"emulator":{"name":"firestore"},"message":"Feb 27, 2026 2:38:59 AM io.gapi.emulators.netty.HttpVersionRoutingHandler channelRead\r\nINFO: Detected non-HTTP/2 connection.\r\n"}}
[debug] [2026-02-26T21:08:59.569Z] Feb 27, 2026 2:38:59 AM io.gapi.emulators.netty.HttpVersionRoutingHandler channelRead
INFO: Detected non-HTTP/2 connection.
 {"metadata":{"emulator":{"name":"firestore"},"message":"Feb 27, 2026 2:38:59 AM io.gapi.emulators.netty.HttpVersionRoutingHandler channelRead\r\nINFO: Detected non-HTTP/2 connection.\r\n"}}
[debug] [2026-02-26T21:09:45.517Z] Feb 27, 2026 2:39:45 AM io.gapi.emulators.netty.HttpVersionRoutingHandler channelRead
INFO: Detected non-HTTP/2 connection.
 {"metadata":{"emulator":{"name":"firestore"},"message":"Feb 27, 2026 2:39:45 AM io.gapi.emulators.netty.HttpVersionRoutingHandler channelRead\r\nINFO: Detected non-HTTP/2 connection.\r\n"}}
[debug] [2026-02-26T21:09:45.567Z] Multiple projectIds are not recommended in single project mode. Requested project ID milkdelivery-64d5c, but the emulator is configured for demo-milk. To opt-out of single project mode add/set the '"singleProjectMode": false' property in the firebase.json emulators config.
 {"metadata":{"emulator":{"name":"firestore"},"message":"Multiple projectIds are not recommended in single project mode. Requested project ID milkdelivery-64d5c, but the emulator is configured for demo-milk. To opt-out of single project mode add/set the '\"singleProjectMode\": false' property in the firebase.json emulators config.\r\n"}}
[debug] [2026-02-26T21:09:45.604Z] Feb 27, 2026 2:39:45 AM io.gapi.emulators.netty.HttpVersionRoutingHandler channelRead
INFO: Detected non-HTTP/2 connection.
 {"metadata":{"emulator":{"name":"firestore"},"message":"Feb 27, 2026 2:39:45 AM io.gapi.emulators.netty.HttpVersionRoutingHandler channelRead\r\nINFO: Detected non-HTTP/2 connection.\r\n"}}
[debug] [2026-02-26T21:09:45.685Z] Feb 27, 2026 2:39:45 AM io.gapi.emulators.netty.HttpVersionRoutingHandler channelRead
INFO: Detected non-HTTP/2 connection.
 {"metadata":{"emulator":{"name":"firestore"},"message":"Feb 27, 2026 2:39:45 AM io.gapi.emulators.netty.HttpVersionRoutingHandler channelRead\r\nINFO: Detected non-HTTP/2 connection.\r\n"}}
[debug] [2026-02-26T21:09:45.699Z] Feb 27, 2026 2:39:45 AM io.gapi.emulators.netty.HttpVersionRoutingHandler channelRead
INFO: Detected non-HTTP/2 connection.
 {"metadata":{"emulator":{"name":"firestore"},"message":"Feb 27, 2026 2:39:45 AM io.gapi.emulators.netty.HttpVersionRoutingHandler channelRead\r\nINFO: Detected non-HTTP/2 connection.\r\n"}}
[debug] [2026-02-26T21:09:45.732Z] Multiple projectIds are not recommended in single project mode. Requested project ID milkdelivery-64d5c, but the emulator is configured for demo-milk. To opt-out of single project mode add/set the '"singleProjectMode": false' property in the firebase.json emulators config.
 {"metadata":{"emulator":{"name":"firestore"},"message":"Multiple projectIds are not recommended in single project mode. Requested project ID milkdelivery-64d5c, but the emulator is configured for demo-milk. To opt-out of single project mode add/set the '\"singleProjectMode\": false' property in the firebase.json emulators config.\r\n"}}
[debug] [2026-02-26T21:09:45.742Z] Feb 27, 2026 2:39:45 AM io.gapi.emulators.netty.HttpVersionRoutingHandler channelRead
INFO: Detected non-HTTP/2 connection.
 {"metadata":{"emulator":{"name":"firestore"},"message":"Feb 27, 2026 2:39:45 AM io.gapi.emulators.netty.HttpVersionRoutingHandler channelRead\r\nINFO: Detected non-HTTP/2 connection.\r\n"}}
[debug] [2026-02-26T21:09:45.777Z] Feb 27, 2026 2:39:45 AM io.gapi.emulators.netty.HttpVersionRoutingHandler channelRead
INFO: Detected non-HTTP/2 connection.
 {"metadata":{"emulator":{"name":"firestore"},"message":"Feb 27, 2026 2:39:45 AM io.gapi.emulators.netty.HttpVersionRoutingHandler channelRead\r\nINFO: Detected non-HTTP/2 connection.\r\n"}}
[debug] [2026-02-26T21:09:51.337Z] Feb 27, 2026 2:39:51 AM io.gapi.emulators.netty.HttpVersionRoutingHandler channelRead
INFO: Detected non-HTTP/2 connection.
 {"metadata":{"emulator":{"name":"firestore"},"message":"Feb 27, 2026 2:39:51 AM io.gapi.emulators.netty.HttpVersionRoutingHandler channelRead\r\nINFO: Detected non-HTTP/2 connection.\r\n"}}
[debug] [2026-02-26T21:09:51.371Z] Multiple projectIds are not recommended in single project mode. Requested project ID milkdelivery-64d5c, but the emulator is configured for demo-milk. To opt-out of single project mode add/set the '"singleProjectMode": false' property in the firebase.json emulators config.
 {"metadata":{"emulator":{"name":"firestore"},"message":"Multiple projectIds are not recommended in single project mode. Requested project ID milkdelivery-64d5c, but the emulator is configured for demo-milk. To opt-out of single project mode add/set the '\"singleProjectMode\": false' property in the firebase.json emulators config.\r\n"}}
[debug] [2026-02-26T21:09:51.403Z] Feb 27, 2026 2:39:51 AM io.gapi.emulators.netty.HttpVersionRoutingHandler channelRead
INFO: Detected non-HTTP/2 connection.
 {"metadata":{"emulator":{"name":"firestore"},"message":"Feb 27, 2026 2:39:51 AM io.gapi.emulators.netty.HttpVersionRoutingHandler channelRead\r\nINFO: Detected non-HTTP/2 connection.\r\n"}}
[debug] [2026-02-26T21:09:51.656Z] Feb 27, 2026 2:39:51 AM io.gapi.emulators.netty.HttpVersionRoutingHandler channelRead
INFO: Detected non-HTTP/2 connection.
 {"metadata":{"emulator":{"name":"firestore"},"message":"Feb 27, 2026 2:39:51 AM io.gapi.emulators.netty.HttpVersionRoutingHandler channelRead\r\nINFO: Detected non-HTTP/2 connection.\r\n"}}
[debug] [2026-02-26T21:09:52.973Z] Feb 27, 2026 2:39:52 AM io.gapi.emulators.netty.HttpVersionRoutingHandler channelRead
INFO: Detected non-HTTP/2 connection.
 {"metadata":{"emulator":{"name":"firestore"},"message":"Feb 27, 2026 2:39:52 AM io.gapi.emulators.netty.HttpVersionRoutingHandler channelRead\r\nINFO: Detected non-HTTP/2 connection.\r\n"}}
[debug] [2026-02-26T21:09:53.536Z] Feb 27, 2026 2:39:53 AM io.gapi.emulators.netty.HttpVersionRoutingHandler channelRead
INFO: Detected non-HTTP/2 connection.
 {"metadata":{"emulator":{"name":"firestore"},"message":"Feb 27, 2026 2:39:53 AM io.gapi.emulators.netty.HttpVersionRoutingHandler channelRead\r\nINFO: Detected non-HTTP/2 connection.\r\n"}}
[debug] [2026-02-26T21:09:53.897Z] Feb 27, 2026 2:39:53 AM io.gapi.emulators.netty.HttpVersionRoutingHandler channelRead
INFO: Detected non-HTTP/2 connection.
 {"metadata":{"emulator":{"name":"firestore"},"message":"Feb 27, 2026 2:39:53 AM io.gapi.emulators.netty.HttpVersionRoutingHandler channelRead\r\nINFO: Detected non-HTTP/2 connection.\r\n"}}
[debug] [2026-02-26T21:09:54.064Z] Feb 27, 2026 2:39:54 AM io.gapi.emulators.netty.HttpVersionRoutingHandler channelRead
INFO: Detected non-HTTP/2 connection.
 {"metadata":{"emulator":{"name":"firestore"},"message":"Feb 27, 2026 2:39:54 AM io.gapi.emulators.netty.HttpVersionRoutingHandler channelRead\r\nINFO: Detected non-HTTP/2 connection.\r\n"}}
[debug] [2026-02-26T21:09:54.733Z] Feb 27, 2026 2:39:54 AM io.gapi.emulators.netty.HttpVersionRoutingHandler channelRead
INFO: Detected non-HTTP/2 connection.
 {"metadata":{"emulator":{"name":"firestore"},"message":"Feb 27, 2026 2:39:54 AM io.gapi.emulators.netty.HttpVersionRoutingHandler channelRead\r\nINFO: Detected non-HTTP/2 connection.\r\n"}}
[debug] [2026-02-26T21:09:54.899Z] Feb 27, 2026 2:39:54 AM io.gapi.emulators.netty.HttpVersionRoutingHandler channelRead
INFO: Detected non-HTTP/2 connection.
 {"metadata":{"emulator":{"name":"firestore"},"message":"Feb 27, 2026 2:39:54 AM io.gapi.emulators.netty.HttpVersionRoutingHandler channelRead\r\nINFO: Detected non-HTTP/2 connection.\r\n"}}
[debug] [2026-02-26T21:09:55.937Z] Feb 27, 2026 2:39:55 AM io.gapi.emulators.netty.HttpVersionRoutingHandler channelRead
INFO: Detected non-HTTP/2 connection.
 {"metadata":{"emulator":{"name":"firestore"},"message":"Feb 27, 2026 2:39:55 AM io.gapi.emulators.netty.HttpVersionRoutingHandler channelRead\r\nINFO: Detected non-HTTP/2 connection.\r\n"}}
[debug] [2026-02-26T21:09:55.967Z] Multiple projectIds are not recommended in single project mode. Requested project ID milkdelivery-64d5c, but the emulator is configured for demo-milk. To opt-out of single project mode add/set the '"singleProjectMode": false' property in the firebase.json emulators config.
 {"metadata":{"emulator":{"name":"firestore"},"message":"Multiple projectIds are not recommended in single project mode. Requested project ID milkdelivery-64d5c, but the emulator is configured for demo-milk. To opt-out of single project mode add/set the '\"singleProjectMode\": false' property in the firebase.json emulators config.\r\n"}}
[debug] [2026-02-26T21:09:55.984Z] Feb 27, 2026 2:39:55 AM io.gapi.emulators.netty.HttpVersionRoutingHandler channelRead
INFO: Detected non-HTTP/2 connection.
 {"metadata":{"emulator":{"name":"firestore"},"message":"Feb 27, 2026 2:39:55 AM io.gapi.emulators.netty.HttpVersionRoutingHandler channelRead\r\nINFO: Detected non-HTTP/2 connection.\r\n"}}
[debug] [2026-02-26T21:09:56.012Z] Feb 27, 2026 2:39:56 AM io.gapi.emulators.netty.HttpVersionRoutingHandler channelRead
INFO: Detected non-HTTP/2 connection.
 {"metadata":{"emulator":{"name":"firestore"},"message":"Feb 27, 2026 2:39:56 AM io.gapi.emulators.netty.HttpVersionRoutingHandler channelRead\r\nINFO: Detected non-HTTP/2 connection.\r\n"}}
[debug] [2026-02-26T21:09:56.159Z] Feb 27, 2026 2:39:56 AM io.gapi.emulators.netty.HttpVersionRoutingHandler channelRead
INFO: Detected non-HTTP/2 connection.
 {"metadata":{"emulator":{"name":"firestore"},"message":"Feb 27, 2026 2:39:56 AM io.gapi.emulators.netty.HttpVersionRoutingHandler channelRead\r\nINFO: Detected non-HTTP/2 connection.\r\n"}}
[debug] [2026-02-26T21:09:56.239Z] Feb 27, 2026 2:39:56 AM io.gapi.emulators.netty.HttpVersionRoutingHandler channelRead
INFO: Detected non-HTTP/2 connection.
 {"metadata":{"emulator":{"name":"firestore"},"message":"Feb 27, 2026 2:39:56 AM io.gapi.emulators.netty.HttpVersionRoutingHandler channelRead\r\nINFO: Detected non-HTTP/2 connection.\r\n"}}
[debug] [2026-02-26T21:09:57.466Z] Feb 27, 2026 2:39:57 AM io.gapi.emulators.netty.HttpVersionRoutingHandler channelRead
INFO: Detected non-HTTP/2 connection.
 {"metadata":{"emulator":{"name":"firestore"},"message":"Feb 27, 2026 2:39:57 AM io.gapi.emulators.netty.HttpVersionRoutingHandler channelRead\r\nINFO: Detected non-HTTP/2 connection.\r\n"}}
[debug] [2026-02-26T21:09:57.525Z] Feb 27, 2026 2:39:57 AM io.gapi.emulators.netty.HttpVersionRoutingHandler channelRead
INFO: Detected non-HTTP/2 connection.
 {"metadata":{"emulator":{"name":"firestore"},"message":"Feb 27, 2026 2:39:57 AM io.gapi.emulators.netty.HttpVersionRoutingHandler channelRead\r\nINFO: Detected non-HTTP/2 connection.\r\n"}}
[debug] [2026-02-26T21:09:58.492Z] Feb 27, 2026 2:39:58 AM io.gapi.emulators.netty.HttpVersionRoutingHandler channelRead
INFO: Detected non-HTTP/2 connection.
 {"metadata":{"emulator":{"name":"firestore"},"message":"Feb 27, 2026 2:39:58 AM io.gapi.emulators.netty.HttpVersionRoutingHandler channelRead\r\nINFO: Detected non-HTTP/2 connection.\r\n"}}
[debug] [2026-02-26T21:09:58.648Z] Feb 27, 2026 2:39:58 AM io.gapi.emulators.netty.HttpVersionRoutingHandler channelRead
INFO: Detected non-HTTP/2 connection.
 {"metadata":{"emulator":{"name":"firestore"},"message":"Feb 27, 2026 2:39:58 AM io.gapi.emulators.netty.HttpVersionRoutingHandler channelRead\r\nINFO: Detected non-HTTP/2 connection.\r\n"}}
[debug] [2026-02-26T21:09:58.736Z] Feb 27, 2026 2:39:58 AM io.gapi.emulators.netty.HttpVersionRoutingHandler channelRead
INFO: Detected non-HTTP/2 connection.
 {"metadata":{"emulator":{"name":"firestore"},"message":"Feb 27, 2026 2:39:58 AM io.gapi.emulators.netty.HttpVersionRoutingHandler channelRead\r\nINFO: Detected non-HTTP/2 connection.\r\n"}}
[debug] [2026-02-26T21:09:58.815Z] Feb 27, 2026 2:39:58 AM io.gapi.emulators.netty.HttpVersionRoutingHandler channelRead
INFO: Detected non-HTTP/2 connection.
 {"metadata":{"emulator":{"name":"firestore"},"message":"Feb 27, 2026 2:39:58 AM io.gapi.emulators.netty.HttpVersionRoutingHandler channelRead\r\nINFO: Detected non-HTTP/2 connection.\r\n"}}
[debug] [2026-02-26T21:09:59.823Z] Feb 27, 2026 2:39:59 AM io.gapi.emulators.netty.HttpVersionRoutingHandler channelRead
INFO: Detected non-HTTP/2 connection.
 {"metadata":{"emulator":{"name":"firestore"},"message":"Feb 27, 2026 2:39:59 AM io.gapi.emulators.netty.HttpVersionRoutingHandler channelRead\r\nINFO: Detected non-HTTP/2 connection.\r\n"}}
[debug] [2026-02-26T21:09:59.910Z] Feb 27, 2026 2:39:59 AM io.gapi.emulators.netty.HttpVersionRoutingHandler channelRead
INFO: Detected non-HTTP/2 connection.
 {"metadata":{"emulator":{"name":"firestore"},"message":"Feb 27, 2026 2:39:59 AM io.gapi.emulators.netty.HttpVersionRoutingHandler channelRead\r\nINFO: Detected non-HTTP/2 connection.\r\n"}}
[debug] [2026-02-26T21:09:59.919Z] Feb 27, 2026 2:39:59 AM io.gapi.emulators.netty.HttpVersionRoutingHandler channelRead
INFO: Detected non-HTTP/2 connection.
 {"metadata":{"emulator":{"name":"firestore"},"message":"Feb 27, 2026 2:39:59 AM io.gapi.emulators.netty.HttpVersionRoutingHandler channelRead\r\nINFO: Detected non-HTTP/2 connection.\r\n"}}
[debug] [2026-02-26T21:10:00.052Z] Feb 27, 2026 2:40:00 AM io.gapi.emulators.netty.HttpVersionRoutingHandler channelRead
INFO: Detected non-HTTP/2 connection.
 {"metadata":{"emulator":{"name":"firestore"},"message":"Feb 27, 2026 2:40:00 AM io.gapi.emulators.netty.HttpVersionRoutingHandler channelRead\r\nINFO: Detected non-HTTP/2 connection.\r\n"}}
[debug] [2026-02-26T21:10:00.157Z] Feb 27, 2026 2:40:00 AM io.gapi.emulators.netty.HttpVersionRoutingHandler channelRead
INFO: Detected non-HTTP/2 connection.
 {"metadata":{"emulator":{"name":"firestore"},"message":"Feb 27, 2026 2:40:00 AM io.gapi.emulators.netty.HttpVersionRoutingHandler channelRead\r\nINFO: Detected non-HTTP/2 connection.\r\n"}}
[debug] [2026-02-26T21:10:00.258Z] Feb 27, 2026 2:40:00 AM io.gapi.emulators.netty.HttpVersionRoutingHandler channelRead
INFO: Detected non-HTTP/2 connection.
 {"metadata":{"emulator":{"name":"firestore"},"message":"Feb 27, 2026 2:40:00 AM io.gapi.emulators.netty.HttpVersionRoutingHandler channelRead\r\nINFO: Detected non-HTTP/2 connection.\r\n"}}
[debug] [2026-02-26T21:10:00.264Z] Feb 27, 2026 2:40:00 AM io.gapi.emulators.netty.HttpVersionRoutingHandler channelRead
INFO: Detected non-HTTP/2 connection.
 {"metadata":{"emulator":{"name":"firestore"},"message":"Feb 27, 2026 2:40:00 AM io.gapi.emulators.netty.HttpVersionRoutingHandler channelRead\r\nINFO: Detected non-HTTP/2 connection.\r\n"}}
[debug] [2026-02-26T21:10:00.338Z] Feb 27, 2026 2:40:00 AM io.gapi.emulators.netty.HttpVersionRoutingHandler channelRead
INFO: Detected non-HTTP/2 connection.
 {"metadata":{"emulator":{"name":"firestore"},"message":"Feb 27, 2026 2:40:00 AM io.gapi.emulators.netty.HttpVersionRoutingHandler channelRead\r\nINFO: Detected non-HTTP/2 connection.\r\n"}}
[debug] [2026-02-26T21:10:00.454Z] Feb 27, 2026 2:40:00 AM io.gapi.emulators.netty.HttpVersionRoutingHandler channelRead
INFO: Detected non-HTTP/2 connection.
 {"metadata":{"emulator":{"name":"firestore"},"message":"Feb 27, 2026 2:40:00 AM io.gapi.emulators.netty.HttpVersionRoutingHandler channelRead\r\nINFO: Detected non-HTTP/2 connection.\r\n"}}
[debug] [2026-02-26T21:10:03.573Z] Feb 27, 2026 2:40:03 AM io.gapi.emulators.netty.HttpVersionRoutingHandler channelRead
INFO: Detected non-HTTP/2 connection.
 {"metadata":{"emulator":{"name":"firestore"},"message":"Feb 27, 2026 2:40:03 AM io.gapi.emulators.netty.HttpVersionRoutingHandler channelRead\r\nINFO: Detected non-HTTP/2 connection.\r\n"}}
[debug] [2026-02-26T21:10:03.699Z] Feb 27, 2026 2:40:03 AM io.gapi.emulators.netty.HttpVersionRoutingHandler channelRead
INFO: Detected non-HTTP/2 connection.
 {"metadata":{"emulator":{"name":"firestore"},"message":"Feb 27, 2026 2:40:03 AM io.gapi.emulators.netty.HttpVersionRoutingHandler channelRead\r\nINFO: Detected non-HTTP/2 connection.\r\n"}}
[debug] [2026-02-26T21:10:03.703Z] Feb 27, 2026 2:40:03 AM io.gapi.emulators.netty.HttpVersionRoutingHandler channelRead
INFO: Detected non-HTTP/2 connection.
 {"metadata":{"emulator":{"name":"firestore"},"message":"Feb 27, 2026 2:40:03 AM io.gapi.emulators.netty.HttpVersionRoutingHandler channelRead\r\nINFO: Detected non-HTTP/2 connection.\r\n"}}
[debug] [2026-02-26T21:10:03.870Z] Feb 27, 2026 2:40:03 AM io.gapi.emulators.netty.HttpVersionRoutingHandler channelRead
INFO: Detected non-HTTP/2 connection.
 {"metadata":{"emulator":{"name":"firestore"},"message":"Feb 27, 2026 2:40:03 AM io.gapi.emulators.netty.HttpVersionRoutingHandler channelRead\r\nINFO: Detected non-HTTP/2 connection.\r\n"}}
[debug] [2026-02-26T21:10:03.918Z] Feb 27, 2026 2:40:03 AM io.gapi.emulators.netty.HttpVersionRoutingHandler channelRead
INFO: Detected non-HTTP/2 connection.
 {"metadata":{"emulator":{"name":"firestore"},"message":"Feb 27, 2026 2:40:03 AM io.gapi.emulators.netty.HttpVersionRoutingHandler channelRead\r\nINFO: Detected non-HTTP/2 connection.\r\n"}}
[debug] [2026-02-26T21:10:03.963Z] Feb 27, 2026 2:40:03 AM io.gapi.emulators.netty.HttpVersionRoutingHandler channelRead
INFO: Detected non-HTTP/2 connection.
 {"metadata":{"emulator":{"name":"firestore"},"message":"Feb 27, 2026 2:40:03 AM io.gapi.emulators.netty.HttpVersionRoutingHandler channelRead\r\nINFO: Detected non-HTTP/2 connection.\r\n"}}
[debug] [2026-02-26T21:10:03.970Z] Feb 27, 2026 2:40:03 AM io.gapi.emulators.netty.HttpVersionRoutingHandler channelRead
INFO: Detected non-HTTP/2 connection.
 {"metadata":{"emulator":{"name":"firestore"},"message":"Feb 27, 2026 2:40:03 AM io.gapi.emulators.netty.HttpVersionRoutingHandler channelRead\r\nINFO: Detected non-HTTP/2 connection.\r\n"}}
[debug] [2026-02-26T21:10:04.031Z] Feb 27, 2026 2:40:04 AM io.gapi.emulators.netty.HttpVersionRoutingHandler channelRead
INFO: Detected non-HTTP/2 connection.
 {"metadata":{"emulator":{"name":"firestore"},"message":"Feb 27, 2026 2:40:04 AM io.gapi.emulators.netty.HttpVersionRoutingHandler channelRead\r\nINFO: Detected non-HTTP/2 connection.\r\n"}}
[debug] [2026-02-26T21:10:04.061Z] Feb 27, 2026 2:40:04 AM io.gapi.emulators.netty.HttpVersionRoutingHandler channelRead
INFO: Detected non-HTTP/2 connection.
 {"metadata":{"emulator":{"name":"firestore"},"message":"Feb 27, 2026 2:40:04 AM io.gapi.emulators.netty.HttpVersionRoutingHandler channelRead\r\nINFO: Detected non-HTTP/2 connection.\r\n"}}
[debug] [2026-02-26T21:10:04.096Z] Feb 27, 2026 2:40:04 AM io.gapi.emulators.netty.HttpVersionRoutingHandler channelRead
INFO: Detected non-HTTP/2 connection.
 {"metadata":{"emulator":{"name":"firestore"},"message":"Feb 27, 2026 2:40:04 AM io.gapi.emulators.netty.HttpVersionRoutingHandler channelRead\r\nINFO: Detected non-HTTP/2 connection.\r\n"}}
[debug] [2026-02-26T21:10:04.202Z] Feb 27, 2026 2:40:04 AM io.gapi.emulators.netty.HttpVersionRoutingHandler channelRead
INFO: Detected non-HTTP/2 connection.
 {"metadata":{"emulator":{"name":"firestore"},"message":"Feb 27, 2026 2:40:04 AM io.gapi.emulators.netty.HttpVersionRoutingHandler channelRead\r\nINFO: Detected non-HTTP/2 connection.\r\n"}}
[debug] [2026-02-26T21:10:04.598Z] Feb 27, 2026 2:40:04 AM io.gapi.emulators.netty.HttpVersionRoutingHandler channelRead
INFO: Detected non-HTTP/2 connection.
 {"metadata":{"emulator":{"name":"firestore"},"message":"Feb 27, 2026 2:40:04 AM io.gapi.emulators.netty.HttpVersionRoutingHandler channelRead\r\nINFO: Detected non-HTTP/2 connection.\r\n"}}
[debug] [2026-02-26T21:10:04.805Z] Feb 27, 2026 2:40:04 AM io.gapi.emulators.netty.HttpVersionRoutingHandler channelRead
INFO: Detected non-HTTP/2 connection.
 {"metadata":{"emulator":{"name":"firestore"},"message":"Feb 27, 2026 2:40:04 AM io.gapi.emulators.netty.HttpVersionRoutingHandler channelRead\r\nINFO: Detected non-HTTP/2 connection.\r\n"}}
[debug] [2026-02-26T21:10:05.148Z] Feb 27, 2026 2:40:05 AM io.gapi.emulators.netty.HttpVersionRoutingHandler channelRead
INFO: Detected non-HTTP/2 connection.
 {"metadata":{"emulator":{"name":"firestore"},"message":"Feb 27, 2026 2:40:05 AM io.gapi.emulators.netty.HttpVersionRoutingHandler channelRead\r\nINFO: Detected non-HTTP/2 connection.\r\n"}}
[debug] [2026-02-26T21:10:05.275Z] Feb 27, 2026 2:40:05 AM io.gapi.emulators.netty.HttpVersionRoutingHandler channelRead
INFO: Detected non-HTTP/2 connection.
 {"metadata":{"emulator":{"name":"firestore"},"message":"Feb 27, 2026 2:40:05 AM io.gapi.emulators.netty.HttpVersionRoutingHandler channelRead\r\nINFO: Detected non-HTTP/2 connection.\r\n"}}
[debug] [2026-02-26T21:10:06.305Z] Feb 27, 2026 2:40:06 AM io.gapi.emulators.netty.HttpVersionRoutingHandler channelRead
INFO: Detected non-HTTP/2 connection.
 {"metadata":{"emulator":{"name":"firestore"},"message":"Feb 27, 2026 2:40:06 AM io.gapi.emulators.netty.HttpVersionRoutingHandler channelRead\r\nINFO: Detected non-HTTP/2 connection.\r\n"}}
[debug] [2026-02-26T21:10:06.547Z] Feb 27, 2026 2:40:06 AM io.gapi.emulators.netty.HttpVersionRoutingHandler channelRead
INFO: Detected non-HTTP/2 connection.
 {"metadata":{"emulator":{"name":"firestore"},"message":"Feb 27, 2026 2:40:06 AM io.gapi.emulators.netty.HttpVersionRoutingHandler channelRead\r\nINFO: Detected non-HTTP/2 connection.\r\n"}}
[debug] [2026-02-26T21:10:06.707Z] Feb 27, 2026 2:40:06 AM io.gapi.emulators.netty.HttpVersionRoutingHandler channelRead
INFO: Detected non-HTTP/2 connection.
 {"metadata":{"emulator":{"name":"firestore"},"message":"Feb 27, 2026 2:40:06 AM io.gapi.emulators.netty.HttpVersionRoutingHandler channelRead\r\nINFO: Detected non-HTTP/2 connection.\r\n"}}
[debug] [2026-02-26T21:10:06.819Z] Feb 27, 2026 2:40:06 AM io.gapi.emulators.netty.HttpVersionRoutingHandler channelRead
INFO: Detected non-HTTP/2 connection.
 {"metadata":{"emulator":{"name":"firestore"},"message":"Feb 27, 2026 2:40:06 AM io.gapi.emulators.netty.HttpVersionRoutingHandler channelRead\r\nINFO: Detected non-HTTP/2 connection.\r\n"}}
[debug] [2026-02-26T21:10:06.979Z] Feb 27, 2026 2:40:06 AM io.gapi.emulators.netty.HttpVersionRoutingHandler channelRead
INFO: Detected non-HTTP/2 connection.
 {"metadata":{"emulator":{"name":"firestore"},"message":"Feb 27, 2026 2:40:06 AM io.gapi.emulators.netty.HttpVersionRoutingHandler channelRead\r\nINFO: Detected non-HTTP/2 connection.\r\n"}}
[debug] [2026-02-26T21:11:40.867Z] Feb 27, 2026 2:41:40 AM io.gapi.emulators.netty.HttpVersionRoutingHandler channelRead
INFO: Detected non-HTTP/2 connection.
 {"metadata":{"emulator":{"name":"firestore"},"message":"Feb 27, 2026 2:41:40 AM io.gapi.emulators.netty.HttpVersionRoutingHandler channelRead\r\nINFO: Detected non-HTTP/2 connection.\r\n"}}
[debug] [2026-02-26T21:11:41.193Z] Multiple projectIds are not recommended in single project mode. Requested project ID milkdelivery-64d5c, but the emulator is configured for demo-milk. To opt-out of single project mode add/set the '"singleProjectMode": false' property in the firebase.json emulators config.
 {"metadata":{"emulator":{"name":"firestore"},"message":"Multiple projectIds are not recommended in single project mode. Requested project ID milkdelivery-64d5c, but the emulator is configured for demo-milk. To opt-out of single project mode add/set the '\"singleProjectMode\": false' property in the firebase.json emulators config.\r\n"}}
[debug] [2026-02-26T21:11:41.230Z] Feb 27, 2026 2:41:41 AM io.gapi.emulators.netty.HttpVersionRoutingHandler channelRead
INFO: Detected non-HTTP/2 connection.
 {"metadata":{"emulator":{"name":"firestore"},"message":"Feb 27, 2026 2:41:41 AM io.gapi.emulators.netty.HttpVersionRoutingHandler channelRead\r\nINFO: Detected non-HTTP/2 connection.\r\n"}}
[debug] [2026-02-26T21:11:41.420Z] Feb 27, 2026 2:41:41 AM io.gapi.emulators.netty.HttpVersionRoutingHandler channelRead
INFO: Detected non-HTTP/2 connection.
 {"metadata":{"emulator":{"name":"firestore"},"message":"Feb 27, 2026 2:41:41 AM io.gapi.emulators.netty.HttpVersionRoutingHandler channelRead\r\nINFO: Detected non-HTTP/2 connection.\r\n"}}
[debug] [2026-02-26T21:11:41.687Z] Feb 27, 2026 2:41:41 AM io.gapi.emulators.netty.HttpVersionRoutingHandler channelRead
INFO: Detected non-HTTP/2 connection.
 {"metadata":{"emulator":{"name":"firestore"},"message":"Feb 27, 2026 2:41:41 AM io.gapi.emulators.netty.HttpVersionRoutingHandler channelRead\r\nINFO: Detected non-HTTP/2 connection.\r\n"}}
[debug] [2026-02-26T21:11:41.853Z] Multiple projectIds are not recommended in single project mode. Requested project ID milkdelivery-64d5c, but the emulator is configured for demo-milk. To opt-out of single project mode add/set the '"singleProjectMode": false' property in the firebase.json emulators config.
 {"metadata":{"emulator":{"name":"firestore"},"message":"Multiple projectIds are not recommended in single project mode. Requested project ID milkdelivery-64d5c, but the emulator is configured for demo-milk. To opt-out of single project mode add/set the '\"singleProjectMode\": false' property in the firebase.json emulators config.\r\n"}}
[debug] [2026-02-26T21:11:41.863Z] Feb 27, 2026 2:41:41 AM io.gapi.emulators.netty.HttpVersionRoutingHandler channelRead
INFO: Detected non-HTTP/2 connection.
 {"metadata":{"emulator":{"name":"firestore"},"message":"Feb 27, 2026 2:41:41 AM io.gapi.emulators.netty.HttpVersionRoutingHandler channelRead\r\nINFO: Detected non-HTTP/2 connection.\r\n"}}
[debug] [2026-02-26T21:11:42.012Z] Feb 27, 2026 2:41:42 AM io.gapi.emulators.netty.HttpVersionRoutingHandler channelRead
INFO: Detected non-HTTP/2 connection.
 {"metadata":{"emulator":{"name":"firestore"},"message":"Feb 27, 2026 2:41:42 AM io.gapi.emulators.netty.HttpVersionRoutingHandler channelRead\r\nINFO: Detected non-HTTP/2 connection.\r\n"}}
[debug] [2026-02-26T21:11:48.695Z] Feb 27, 2026 2:41:48 AM io.gapi.emulators.netty.HttpVersionRoutingHandler channelRead
INFO: Detected non-HTTP/2 connection.
 {"metadata":{"emulator":{"name":"firestore"},"message":"Feb 27, 2026 2:41:48 AM io.gapi.emulators.netty.HttpVersionRoutingHandler channelRead\r\nINFO: Detected non-HTTP/2 connection.\r\n"}}
[debug] [2026-02-26T21:11:49.016Z] Multiple projectIds are not recommended in single project mode. Requested project ID milkdelivery-64d5c, but the emulator is configured for demo-milk. To opt-out of single project mode add/set the '"singleProjectMode": false' property in the firebase.json emulators config.
 {"metadata":{"emulator":{"name":"firestore"},"message":"Multiple projectIds are not recommended in single project mode. Requested project ID milkdelivery-64d5c, but the emulator is configured for demo-milk. To opt-out of single project mode add/set the '\"singleProjectMode\": false' property in the firebase.json emulators config.\r\n"}}
[debug] [2026-02-26T21:11:49.216Z] Feb 27, 2026 2:41:49 AM io.gapi.emulators.netty.HttpVersionRoutingHandler channelRead
INFO: Detected non-HTTP/2 connection.
 {"metadata":{"emulator":{"name":"firestore"},"message":"Feb 27, 2026 2:41:49 AM io.gapi.emulators.netty.HttpVersionRoutingHandler channelRead\r\nINFO: Detected non-HTTP/2 connection.\r\n"}}
[debug] [2026-02-26T21:11:49.451Z] Feb 27, 2026 2:41:49 AM io.gapi.emulators.netty.HttpVersionRoutingHandler channelRead
INFO: Detected non-HTTP/2 connection.
 {"metadata":{"emulator":{"name":"firestore"},"message":"Feb 27, 2026 2:41:49 AM io.gapi.emulators.netty.HttpVersionRoutingHandler channelRead\r\nINFO: Detected non-HTTP/2 connection.\r\n"}}
[debug] [2026-02-26T21:11:51.962Z] Feb 27, 2026 2:41:51 AM io.gapi.emulators.netty.HttpVersionRoutingHandler channelRead
INFO: Detected non-HTTP/2 connection.
 {"metadata":{"emulator":{"name":"firestore"},"message":"Feb 27, 2026 2:41:51 AM io.gapi.emulators.netty.HttpVersionRoutingHandler channelRead\r\nINFO: Detected non-HTTP/2 connection.\r\n"}}
[debug] [2026-02-26T21:11:52.414Z] Feb 27, 2026 2:41:52 AM io.gapi.emulators.netty.HttpVersionRoutingHandler channelRead
INFO: Detected non-HTTP/2 connection.
 {"metadata":{"emulator":{"name":"firestore"},"message":"Feb 27, 2026 2:41:52 AM io.gapi.emulators.netty.HttpVersionRoutingHandler channelRead\r\nINFO: Detected non-HTTP/2 connection.\r\n"}}
[debug] [2026-02-26T21:11:52.866Z] Feb 27, 2026 2:41:52 AM io.gapi.emulators.netty.HttpVersionRoutingHandler channelRead
INFO: Detected non-HTTP/2 connection.
 {"metadata":{"emulator":{"name":"firestore"},"message":"Feb 27, 2026 2:41:52 AM io.gapi.emulators.netty.HttpVersionRoutingHandler channelRead\r\nINFO: Detected non-HTTP/2 connection.\r\n"}}
[debug] [2026-02-26T21:11:53.246Z] Feb 27, 2026 2:41:53 AM io.gapi.emulators.netty.HttpVersionRoutingHandler channelRead
INFO: Detected non-HTTP/2 connection.
 {"metadata":{"emulator":{"name":"firestore"},"message":"Feb 27, 2026 2:41:53 AM io.gapi.emulators.netty.HttpVersionRoutingHandler channelRead\r\nINFO: Detected non-HTTP/2 connection.\r\n"}}
[debug] [2026-02-26T21:11:54.611Z] Feb 27, 2026 2:41:54 AM io.gapi.emulators.netty.HttpVersionRoutingHandler channelRead
INFO: Detected non-HTTP/2 connection.
 {"metadata":{"emulator":{"name":"firestore"},"message":"Feb 27, 2026 2:41:54 AM io.gapi.emulators.netty.HttpVersionRoutingHandler channelRead\r\nINFO: Detected non-HTTP/2 connection.\r\n"}}
[debug] [2026-02-26T21:11:54.840Z] Feb 27, 2026 2:41:54 AM io.gapi.emulators.netty.HttpVersionRoutingHandler channelRead
INFO: Detected non-HTTP/2 connection.
 {"metadata":{"emulator":{"name":"firestore"},"message":"Feb 27, 2026 2:41:54 AM io.gapi.emulators.netty.HttpVersionRoutingHandler channelRead\r\nINFO: Detected non-HTTP/2 connection.\r\n"}}
[debug] [2026-02-26T21:11:56.255Z] Feb 27, 2026 2:41:56 AM io.gapi.emulators.netty.HttpVersionRoutingHandler channelRead
INFO: Detected non-HTTP/2 connection.
 {"metadata":{"emulator":{"name":"firestore"},"message":"Feb 27, 2026 2:41:56 AM io.gapi.emulators.netty.HttpVersionRoutingHandler channelRead\r\nINFO: Detected non-HTTP/2 connection.\r\n"}}
[debug] [2026-02-26T21:11:56.340Z] Multiple projectIds are not recommended in single project mode. Requested project ID milkdelivery-64d5c, but the emulator is configured for demo-milk. To opt-out of single project mode add/set the '"singleProjectMode": false' property in the firebase.json emulators config.
 {"metadata":{"emulator":{"name":"firestore"},"message":"Multiple projectIds are not recommended in single project mode. Requested project ID milkdelivery-64d5c, but the emulator is configured for demo-milk. To opt-out of single project mode add/set the '\"singleProjectMode\": false' property in the firebase.json emulators config.\r\n"}}
[debug] [2026-02-26T21:11:56.408Z] Feb 27, 2026 2:41:56 AM io.gapi.emulators.netty.HttpVersionRoutingHandler channelRead
INFO: Detected non-HTTP/2 connection.
 {"metadata":{"emulator":{"name":"firestore"},"message":"Feb 27, 2026 2:41:56 AM io.gapi.emulators.netty.HttpVersionRoutingHandler channelRead\r\nINFO: Detected non-HTTP/2 connection.\r\n"}}
[debug] [2026-02-26T21:11:56.462Z] Feb 27, 2026 2:41:56 AM io.gapi.emulators.netty.HttpVersionRoutingHandler channelRead
INFO: Detected non-HTTP/2 connection.
 {"metadata":{"emulator":{"name":"firestore"},"message":"Feb 27, 2026 2:41:56 AM io.gapi.emulators.netty.HttpVersionRoutingHandler channelRead\r\nINFO: Detected non-HTTP/2 connection.\r\n"}}
[debug] [2026-02-26T21:11:56.709Z] Feb 27, 2026 2:41:56 AM io.gapi.emulators.netty.HttpVersionRoutingHandler channelRead
INFO: Detected non-HTTP/2 connection.
 {"metadata":{"emulator":{"name":"firestore"},"message":"Feb 27, 2026 2:41:56 AM io.gapi.emulators.netty.HttpVersionRoutingHandler channelRead\r\nINFO: Detected non-HTTP/2 connection.\r\n"}}
[debug] [2026-02-26T21:11:56.802Z] Feb 27, 2026 2:41:56 AM io.gapi.emulators.netty.HttpVersionRoutingHandler channelRead
INFO: Detected non-HTTP/2 connection.
 {"metadata":{"emulator":{"name":"firestore"},"message":"Feb 27, 2026 2:41:56 AM io.gapi.emulators.netty.HttpVersionRoutingHandler channelRead\r\nINFO: Detected non-HTTP/2 connection.\r\n"}}
[debug] [2026-02-26T21:11:59.024Z] Feb 27, 2026 2:41:59 AM io.gapi.emulators.netty.HttpVersionRoutingHandler channelRead
INFO: Detected non-HTTP/2 connection.
 {"metadata":{"emulator":{"name":"firestore"},"message":"Feb 27, 2026 2:41:59 AM io.gapi.emulators.netty.HttpVersionRoutingHandler channelRead\r\nINFO: Detected non-HTTP/2 connection.\r\n"}}
[debug] [2026-02-26T21:11:59.295Z] Feb 27, 2026 2:41:59 AM io.gapi.emulators.netty.HttpVersionRoutingHandler channelRead
INFO: Detected non-HTTP/2 connection.
 {"metadata":{"emulator":{"name":"firestore"},"message":"Feb 27, 2026 2:41:59 AM io.gapi.emulators.netty.HttpVersionRoutingHandler channelRead\r\nINFO: Detected non-HTTP/2 connection.\r\n"}}
[debug] [2026-02-26T21:12:00.767Z] Feb 27, 2026 2:42:00 AM io.gapi.emulators.netty.HttpVersionRoutingHandler channelRead
INFO: Detected non-HTTP/2 connection.
 {"metadata":{"emulator":{"name":"firestore"},"message":"Feb 27, 2026 2:42:00 AM io.gapi.emulators.netty.HttpVersionRoutingHandler channelRead\r\nINFO: Detected non-HTTP/2 connection.\r\n"}}
[debug] [2026-02-26T21:12:01.136Z] Feb 27, 2026 2:42:01 AM io.gapi.emulators.netty.HttpVersionRoutingHandler channelRead
INFO: Detected non-HTTP/2 connection.
 {"metadata":{"emulator":{"name":"firestore"},"message":"Feb 27, 2026 2:42:01 AM io.gapi.emulators.netty.HttpVersionRoutingHandler channelRead\r\nINFO: Detected non-HTTP/2 connection.\r\n"}}
[debug] [2026-02-26T21:12:01.347Z] Feb 27, 2026 2:42:01 AM io.gapi.emulators.netty.HttpVersionRoutingHandler channelRead
INFO: Detected non-HTTP/2 connection.
 {"metadata":{"emulator":{"name":"firestore"},"message":"Feb 27, 2026 2:42:01 AM io.gapi.emulators.netty.HttpVersionRoutingHandler channelRead\r\nINFO: Detected non-HTTP/2 connection.\r\n"}}
[debug] [2026-02-26T21:12:01.437Z] Feb 27, 2026 2:42:01 AM io.gapi.emulators.netty.HttpVersionRoutingHandler channelRead
INFO: Detected non-HTTP/2 connection.
 {"metadata":{"emulator":{"name":"firestore"},"message":"Feb 27, 2026 2:42:01 AM io.gapi.emulators.netty.HttpVersionRoutingHandler channelRead\r\nINFO: Detected non-HTTP/2 connection.\r\n"}}
[debug] [2026-02-26T21:12:03.975Z] Feb 27, 2026 2:42:03 AM io.gapi.emulators.netty.HttpVersionRoutingHandler channelRead
INFO: Detected non-HTTP/2 connection.
 {"metadata":{"emulator":{"name":"firestore"},"message":"Feb 27, 2026 2:42:03 AM io.gapi.emulators.netty.HttpVersionRoutingHandler channelRead\r\nINFO: Detected non-HTTP/2 connection.\r\n"}}
[debug] [2026-02-26T21:12:04.062Z] Feb 27, 2026 2:42:04 AM io.gapi.emulators.netty.HttpVersionRoutingHandler channelRead
INFO: Detected non-HTTP/2 connection.
 {"metadata":{"emulator":{"name":"firestore"},"message":"Feb 27, 2026 2:42:04 AM io.gapi.emulators.netty.HttpVersionRoutingHandler channelRead\r\nINFO: Detected non-HTTP/2 connection.\r\n"}}
[debug] [2026-02-26T21:12:04.064Z] Feb 27, 2026 2:42:04 AM io.gapi.emulators.netty.HttpVersionRoutingHandler channelRead
INFO: Detected non-HTTP/2 connection.
 {"metadata":{"emulator":{"name":"firestore"},"message":"Feb 27, 2026 2:42:04 AM io.gapi.emulators.netty.HttpVersionRoutingHandler channelRead\r\nINFO: Detected non-HTTP/2 connection.\r\n"}}
[debug] [2026-02-26T21:12:04.340Z] Feb 27, 2026 2:42:04 AM io.gapi.emulators.netty.HttpVersionRoutingHandler channelRead
INFO: Detected non-HTTP/2 connection.
 {"metadata":{"emulator":{"name":"firestore"},"message":"Feb 27, 2026 2:42:04 AM io.gapi.emulators.netty.HttpVersionRoutingHandler channelRead\r\nINFO: Detected non-HTTP/2 connection.\r\n"}}
[debug] [2026-02-26T21:12:04.514Z] Feb 27, 2026 2:42:04 AM io.gapi.emulators.netty.HttpVersionRoutingHandler channelRead
INFO: Detected non-HTTP/2 connection.
 {"metadata":{"emulator":{"name":"firestore"},"message":"Feb 27, 2026 2:42:04 AM io.gapi.emulators.netty.HttpVersionRoutingHandler channelRead\r\nINFO: Detected non-HTTP/2 connection.\r\n"}}
[debug] [2026-02-26T21:12:04.694Z] Feb 27, 2026 2:42:04 AM io.gapi.emulators.netty.HttpVersionRoutingHandler channelRead
INFO: Detected non-HTTP/2 connection.
 {"metadata":{"emulator":{"name":"firestore"},"message":"Feb 27, 2026 2:42:04 AM io.gapi.emulators.netty.HttpVersionRoutingHandler channelRead\r\nINFO: Detected non-HTTP/2 connection.\r\n"}}
[debug] [2026-02-26T21:12:04.694Z] Feb 27, 2026 2:42:04 AM io.gapi.emulators.netty.HttpVersionRoutingHandler channelRead
INFO: Detected non-HTTP/2 connection.
 {"metadata":{"emulator":{"name":"firestore"},"message":"Feb 27, 2026 2:42:04 AM io.gapi.emulators.netty.HttpVersionRoutingHandler channelRead\r\nINFO: Detected non-HTTP/2 connection.\r\n"}}
[debug] [2026-02-26T21:12:04.831Z] Feb 27, 2026 2:42:04 AM io.gapi.emulators.netty.HttpVersionRoutingHandler channelRead
INFO: Detected non-HTTP/2 connection.
 {"metadata":{"emulator":{"name":"firestore"},"message":"Feb 27, 2026 2:42:04 AM io.gapi.emulators.netty.HttpVersionRoutingHandler channelRead\r\nINFO: Detected non-HTTP/2 connection.\r\n"}}
[debug] [2026-02-26T21:12:04.935Z] Feb 27, 2026 2:42:04 AM io.gapi.emulators.netty.HttpVersionRoutingHandler channelRead
INFO: Detected non-HTTP/2 connection.
 {"metadata":{"emulator":{"name":"firestore"},"message":"Feb 27, 2026 2:42:04 AM io.gapi.emulators.netty.HttpVersionRoutingHandler channelRead\r\nINFO: Detected non-HTTP/2 connection.\r\n"}}
[debug] [2026-02-26T21:12:05.105Z] Feb 27, 2026 2:42:05 AM io.gapi.emulators.netty.HttpVersionRoutingHandler channelRead
INFO: Detected non-HTTP/2 connection.
 {"metadata":{"emulator":{"name":"firestore"},"message":"Feb 27, 2026 2:42:05 AM io.gapi.emulators.netty.HttpVersionRoutingHandler channelRead\r\nINFO: Detected non-HTTP/2 connection.\r\n"}}
[debug] [2026-02-27T04:56:47.300Z] Feb 27, 2026 10:26:47 AM io.gapi.emulators.netty.HttpVersionRoutingHandler channelRead
INFO: Detected non-HTTP/2 connection.
 {"metadata":{"emulator":{"name":"firestore"},"message":"Feb 27, 2026 10:26:47 AM io.gapi.emulators.netty.HttpVersionRoutingHandler channelRead\r\nINFO: Detected non-HTTP/2 connection.\r\n"}}
[debug] [2026-02-27T04:56:47.577Z] Multiple projectIds are not recommended in single project mode. Requested project ID milkdelivery-64d5c, but the emulator is configured for demo-milk. To opt-out of single project mode add/set the '"singleProjectMode": false' property in the firebase.json emulators config.
 {"metadata":{"emulator":{"name":"firestore"},"message":"Multiple projectIds are not recommended in single project mode. Requested project ID milkdelivery-64d5c, but the emulator is configured for demo-milk. To opt-out of single project mode add/set the '\"singleProjectMode\": false' property in the firebase.json emulators config.\r\n"}}
[debug] [2026-02-27T04:56:48.458Z] Feb 27, 2026 10:26:48 AM io.gapi.emulators.netty.HttpVersionRoutingHandler channelRead
INFO: Detected non-HTTP/2 connection.
 {"metadata":{"emulator":{"name":"firestore"},"message":"Feb 27, 2026 10:26:48 AM io.gapi.emulators.netty.HttpVersionRoutingHandler channelRead\r\nINFO: Detected non-HTTP/2 connection.\r\n"}}
[debug] [2026-02-27T04:56:48.877Z] Feb 27, 2026 10:26:48 AM io.gapi.emulators.netty.HttpVersionRoutingHandler channelRead
INFO: Detected non-HTTP/2 connection.
 {"metadata":{"emulator":{"name":"firestore"},"message":"Feb 27, 2026 10:26:48 AM io.gapi.emulators.netty.HttpVersionRoutingHandler channelRead\r\nINFO: Detected non-HTTP/2 connection.\r\n"}}
[debug] [2026-02-27T04:56:48.891Z] Feb 27, 2026 10:26:48 AM io.gapi.emulators.netty.HttpVersionRoutingHandler channelRead
INFO: Detected non-HTTP/2 connection.
 {"metadata":{"emulator":{"name":"firestore"},"message":"Feb 27, 2026 10:26:48 AM io.gapi.emulators.netty.HttpVersionRoutingHandler channelRead\r\nINFO: Detected non-HTTP/2 connection.\r\n"}}
[debug] [2026-02-27T04:56:48.941Z] Multiple projectIds are not recommended in single project mode. Requested project ID milkdelivery-64d5c, but the emulator is configured for demo-milk. To opt-out of single project mode add/set the '"singleProjectMode": false' property in the firebase.json emulators config.
 {"metadata":{"emulator":{"name":"firestore"},"message":"Multiple projectIds are not recommended in single project mode. Requested project ID milkdelivery-64d5c, but the emulator is configured for demo-milk. To opt-out of single project mode add/set the '\"singleProjectMode\": false' property in the firebase.json emulators config.\r\n"}}
[debug] [2026-02-27T04:56:49.036Z] Feb 27, 2026 10:26:49 AM io.gapi.emulators.netty.HttpVersionRoutingHandler channelRead
INFO: Detected non-HTTP/2 connection.
 {"metadata":{"emulator":{"name":"firestore"},"message":"Feb 27, 2026 10:26:49 AM io.gapi.emulators.netty.HttpVersionRoutingHandler channelRead\r\nINFO: Detected non-HTTP/2 connection.\r\n"}}
[debug] [2026-02-27T04:56:49.154Z] Feb 27, 2026 10:26:49 AM io.gapi.emulators.netty.HttpVersionRoutingHandler channelRead
INFO: Detected non-HTTP/2 connection.
 {"metadata":{"emulator":{"name":"firestore"},"message":"Feb 27, 2026 10:26:49 AM io.gapi.emulators.netty.HttpVersionRoutingHandler channelRead\r\nINFO: Detected non-HTTP/2 connection.\r\n"}}
[debug] [2026-02-27T04:56:55.408Z] Feb 27, 2026 10:26:55 AM io.gapi.emulators.netty.HttpVersionRoutingHandler channelRead
INFO: Detected non-HTTP/2 connection.
 {"metadata":{"emulator":{"name":"firestore"},"message":"Feb 27, 2026 10:26:55 AM io.gapi.emulators.netty.HttpVersionRoutingHandler channelRead\r\nINFO: Detected non-HTTP/2 connection.\r\n"}}
[debug] [2026-02-27T04:56:55.950Z] Multiple projectIds are not recommended in single project mode. Requested project ID milkdelivery-64d5c, but the emulator is configured for demo-milk. To opt-out of single project mode add/set the '"singleProjectMode": false' property in the firebase.json emulators config.
 {"metadata":{"emulator":{"name":"firestore"},"message":"Multiple projectIds are not recommended in single project mode. Requested project ID milkdelivery-64d5c, but the emulator is configured for demo-milk. To opt-out of single project mode add/set the '\"singleProjectMode\": false' property in the firebase.json emulators config.\r\n"}}
[debug] [2026-02-27T04:56:55.975Z] Feb 27, 2026 10:26:55 AM io.gapi.emulators.netty.HttpVersionRoutingHandler channelRead
INFO: Detected non-HTTP/2 connection.
 {"metadata":{"emulator":{"name":"firestore"},"message":"Feb 27, 2026 10:26:55 AM io.gapi.emulators.netty.HttpVersionRoutingHandler channelRead\r\nINFO: Detected non-HTTP/2 connection.\r\n"}}
[debug] [2026-02-27T04:56:56.464Z] Feb 27, 2026 10:26:56 AM io.gapi.emulators.netty.HttpVersionRoutingHandler channelRead
INFO: Detected non-HTTP/2 connection.
 {"metadata":{"emulator":{"name":"firestore"},"message":"Feb 27, 2026 10:26:56 AM io.gapi.emulators.netty.HttpVersionRoutingHandler channelRead\r\nINFO: Detected non-HTTP/2 connection.\r\n"}}
[debug] [2026-02-27T04:56:58.253Z] Feb 27, 2026 10:26:58 AM io.gapi.emulators.netty.HttpVersionRoutingHandler channelRead
INFO: Detected non-HTTP/2 connection.
 {"metadata":{"emulator":{"name":"firestore"},"message":"Feb 27, 2026 10:26:58 AM io.gapi.emulators.netty.HttpVersionRoutingHandler channelRead\r\nINFO: Detected non-HTTP/2 connection.\r\n"}}
[debug] [2026-02-27T04:56:58.987Z] Feb 27, 2026 10:26:59 AM io.gapi.emulators.netty.HttpVersionRoutingHandler channelRead
INFO: Detected non-HTTP/2 connection.
 {"metadata":{"emulator":{"name":"firestore"},"message":"Feb 27, 2026 10:26:59 AM io.gapi.emulators.netty.HttpVersionRoutingHandler channelRead\r\nINFO: Detected non-HTTP/2 connection.\r\n"}}
[debug] [2026-02-27T04:56:59.301Z] Feb 27, 2026 10:26:59 AM io.gapi.emulators.netty.HttpVersionRoutingHandler channelRead
INFO: Detected non-HTTP/2 connection.
 {"metadata":{"emulator":{"name":"firestore"},"message":"Feb 27, 2026 10:26:59 AM io.gapi.emulators.netty.HttpVersionRoutingHandler channelRead\r\nINFO: Detected non-HTTP/2 connection.\r\n"}}
[debug] [2026-02-27T04:56:59.520Z] Feb 27, 2026 10:26:59 AM io.gapi.emulators.netty.HttpVersionRoutingHandler channelRead
INFO: Detected non-HTTP/2 connection.
 {"metadata":{"emulator":{"name":"firestore"},"message":"Feb 27, 2026 10:26:59 AM io.gapi.emulators.netty.HttpVersionRoutingHandler channelRead\r\nINFO: Detected non-HTTP/2 connection.\r\n"}}
[debug] [2026-02-27T04:57:01.060Z] Feb 27, 2026 10:27:01 AM io.gapi.emulators.netty.HttpVersionRoutingHandler channelRead
INFO: Detected non-HTTP/2 connection.
 {"metadata":{"emulator":{"name":"firestore"},"message":"Feb 27, 2026 10:27:01 AM io.gapi.emulators.netty.HttpVersionRoutingHandler channelRead\r\nINFO: Detected non-HTTP/2 connection.\r\n"}}
[debug] [2026-02-27T04:57:01.217Z] Feb 27, 2026 10:27:01 AM io.gapi.emulators.netty.HttpVersionRoutingHandler channelRead
INFO: Detected non-HTTP/2 connection.
 {"metadata":{"emulator":{"name":"firestore"},"message":"Feb 27, 2026 10:27:01 AM io.gapi.emulators.netty.HttpVersionRoutingHandler channelRead\r\nINFO: Detected non-HTTP/2 connection.\r\n"}}
[debug] [2026-02-27T04:57:02.795Z] Feb 27, 2026 10:27:02 AM io.gapi.emulators.netty.HttpVersionRoutingHandler channelRead
INFO: Detected non-HTTP/2 connection.
 {"metadata":{"emulator":{"name":"firestore"},"message":"Feb 27, 2026 10:27:02 AM io.gapi.emulators.netty.HttpVersionRoutingHandler channelRead\r\nINFO: Detected non-HTTP/2 connection.\r\n"}}
[debug] [2026-02-27T04:57:02.829Z] Multiple projectIds are not recommended in single project mode. Requested project ID milkdelivery-64d5c, but the emulator is configured for demo-milk. To opt-out of single project mode add/set the '"singleProjectMode": false' property in the firebase.json emulators config.
 {"metadata":{"emulator":{"name":"firestore"},"message":"Multiple projectIds are not recommended in single project mode. Requested project ID milkdelivery-64d5c, but the emulator is configured for demo-milk. To opt-out of single project mode add/set the '\"singleProjectMode\": false' property in the firebase.json emulators config.\r\n"}}
[debug] [2026-02-27T04:57:02.843Z] Feb 27, 2026 10:27:02 AM io.gapi.emulators.netty.HttpVersionRoutingHandler channelRead
INFO: Detected non-HTTP/2 connection.
 {"metadata":{"emulator":{"name":"firestore"},"message":"Feb 27, 2026 10:27:02 AM io.gapi.emulators.netty.HttpVersionRoutingHandler channelRead\r\nINFO: Detected non-HTTP/2 connection.\r\n"}}
[debug] [2026-02-27T04:57:02.939Z] Feb 27, 2026 10:27:02 AM io.gapi.emulators.netty.HttpVersionRoutingHandler channelRead
INFO: Detected non-HTTP/2 connection.
 {"metadata":{"emulator":{"name":"firestore"},"message":"Feb 27, 2026 10:27:02 AM io.gapi.emulators.netty.HttpVersionRoutingHandler channelRead\r\nINFO: Detected non-HTTP/2 connection.\r\n"}}
[debug] [2026-02-27T04:57:03.092Z] Feb 27, 2026 10:27:03 AM io.gapi.emulators.netty.HttpVersionRoutingHandler channelRead
INFO: Detected non-HTTP/2 connection.
 {"metadata":{"emulator":{"name":"firestore"},"message":"Feb 27, 2026 10:27:03 AM io.gapi.emulators.netty.HttpVersionRoutingHandler channelRead\r\nINFO: Detected non-HTTP/2 connection.\r\n"}}
[debug] [2026-02-27T04:57:03.215Z] Feb 27, 2026 10:27:03 AM io.gapi.emulators.netty.HttpVersionRoutingHandler channelRead
INFO: Detected non-HTTP/2 connection.
 {"metadata":{"emulator":{"name":"firestore"},"message":"Feb 27, 2026 10:27:03 AM io.gapi.emulators.netty.HttpVersionRoutingHandler channelRead\r\nINFO: Detected non-HTTP/2 connection.\r\n"}}
[debug] [2026-02-27T04:57:05.301Z] Feb 27, 2026 10:27:05 AM io.gapi.emulators.netty.HttpVersionRoutingHandler channelRead
INFO: Detected non-HTTP/2 connection.
 {"metadata":{"emulator":{"name":"firestore"},"message":"Feb 27, 2026 10:27:05 AM io.gapi.emulators.netty.HttpVersionRoutingHandler channelRead\r\nINFO: Detected non-HTTP/2 connection.\r\n"}}
[debug] [2026-02-27T04:57:05.520Z] Feb 27, 2026 10:27:05 AM io.gapi.emulators.netty.HttpVersionRoutingHandler channelRead
INFO: Detected non-HTTP/2 connection.
 {"metadata":{"emulator":{"name":"firestore"},"message":"Feb 27, 2026 10:27:05 AM io.gapi.emulators.netty.HttpVersionRoutingHandler channelRead\r\nINFO: Detected non-HTTP/2 connection.\r\n"}}
[debug] [2026-02-27T04:57:07.065Z] Feb 27, 2026 10:27:07 AM io.gapi.emulators.netty.HttpVersionRoutingHandler channelRead
INFO: Detected non-HTTP/2 connection.
 {"metadata":{"emulator":{"name":"firestore"},"message":"Feb 27, 2026 10:27:07 AM io.gapi.emulators.netty.HttpVersionRoutingHandler channelRead\r\nINFO: Detected non-HTTP/2 connection.\r\n"}}
[debug] [2026-02-27T04:57:07.284Z] Feb 27, 2026 10:27:07 AM io.gapi.emulators.netty.HttpVersionRoutingHandler channelRead
INFO: Detected non-HTTP/2 connection.
 {"metadata":{"emulator":{"name":"firestore"},"message":"Feb 27, 2026 10:27:07 AM io.gapi.emulators.netty.HttpVersionRoutingHandler channelRead\r\nINFO: Detected non-HTTP/2 connection.\r\n"}}
[debug] [2026-02-27T04:57:07.427Z] Feb 27, 2026 10:27:07 AM io.gapi.emulators.netty.HttpVersionRoutingHandler channelRead
INFO: Detected non-HTTP/2 connection.
 {"metadata":{"emulator":{"name":"firestore"},"message":"Feb 27, 2026 10:27:07 AM io.gapi.emulators.netty.HttpVersionRoutingHandler channelRead\r\nINFO: Detected non-HTTP/2 connection.\r\n"}}
[debug] [2026-02-27T04:57:07.868Z] Feb 27, 2026 10:27:07 AM io.gapi.emulators.netty.HttpVersionRoutingHandler channelRead
INFO: Detected non-HTTP/2 connection.
 {"metadata":{"emulator":{"name":"firestore"},"message":"Feb 27, 2026 10:27:07 AM io.gapi.emulators.netty.HttpVersionRoutingHandler channelRead\r\nINFO: Detected non-HTTP/2 connection.\r\n"}}
[debug] [2026-02-27T04:57:10.124Z] Feb 27, 2026 10:27:10 AM io.gapi.emulators.netty.HttpVersionRoutingHandler channelRead
INFO: Detected non-HTTP/2 connection.
 {"metadata":{"emulator":{"name":"firestore"},"message":"Feb 27, 2026 10:27:10 AM io.gapi.emulators.netty.HttpVersionRoutingHandler channelRead\r\nINFO: Detected non-HTTP/2 connection.\r\n"}}
[debug] [2026-02-27T04:57:10.255Z] Feb 27, 2026 10:27:10 AM io.gapi.emulators.netty.HttpVersionRoutingHandler channelRead
INFO: Detected non-HTTP/2 connection.
 {"metadata":{"emulator":{"name":"firestore"},"message":"Feb 27, 2026 10:27:10 AM io.gapi.emulators.netty.HttpVersionRoutingHandler channelRead\r\nINFO: Detected non-HTTP/2 connection.\r\n"}}
[debug] [2026-02-27T04:57:10.260Z] Feb 27, 2026 10:27:10 AM io.gapi.emulators.netty.HttpVersionRoutingHandler channelRead
INFO: Detected non-HTTP/2 connection.
 {"metadata":{"emulator":{"name":"firestore"},"message":"Feb 27, 2026 10:27:10 AM io.gapi.emulators.netty.HttpVersionRoutingHandler channelRead\r\nINFO: Detected non-HTTP/2 connection.\r\n"}}
[debug] [2026-02-27T04:57:10.662Z] Feb 27, 2026 10:27:10 AM io.gapi.emulators.netty.HttpVersionRoutingHandler channelRead
INFO: Detected non-HTTP/2 connection.
 {"metadata":{"emulator":{"name":"firestore"},"message":"Feb 27, 2026 10:27:10 AM io.gapi.emulators.netty.HttpVersionRoutingHandler channelRead\r\nINFO: Detected non-HTTP/2 connection.\r\n"}}
[debug] [2026-02-27T04:57:10.781Z] Feb 27, 2026 10:27:10 AM io.gapi.emulators.netty.HttpVersionRoutingHandler channelRead
INFO: Detected non-HTTP/2 connection.
 {"metadata":{"emulator":{"name":"firestore"},"message":"Feb 27, 2026 10:27:10 AM io.gapi.emulators.netty.HttpVersionRoutingHandler channelRead\r\nINFO: Detected non-HTTP/2 connection.\r\n"}}
[debug] [2026-02-27T04:57:10.851Z] Feb 27, 2026 10:27:10 AM io.gapi.emulators.netty.HttpVersionRoutingHandler channelRead
INFO: Detected non-HTTP/2 connection.
 {"metadata":{"emulator":{"name":"firestore"},"message":"Feb 27, 2026 10:27:10 AM io.gapi.emulators.netty.HttpVersionRoutingHandler channelRead\r\nINFO: Detected non-HTTP/2 connection.\r\n"}}
[debug] [2026-02-27T04:57:10.918Z] Feb 27, 2026 10:27:10 AM io.gapi.emulators.netty.HttpVersionRoutingHandler channelRead
INFO: Detected non-HTTP/2 connection.
 {"metadata":{"emulator":{"name":"firestore"},"message":"Feb 27, 2026 10:27:10 AM io.gapi.emulators.netty.HttpVersionRoutingHandler channelRead\r\nINFO: Detected non-HTTP/2 connection.\r\n"}}
[debug] [2026-02-27T04:57:10.927Z] Feb 27, 2026 10:27:10 AM io.gapi.emulators.netty.HttpVersionRoutingHandler channelRead
INFO: Detected non-HTTP/2 connection.
 {"metadata":{"emulator":{"name":"firestore"},"message":"Feb 27, 2026 10:27:10 AM io.gapi.emulators.netty.HttpVersionRoutingHandler channelRead\r\nINFO: Detected non-HTTP/2 connection.\r\n"}}
[debug] [2026-02-27T04:57:11.016Z] Feb 27, 2026 10:27:11 AM io.gapi.emulators.netty.HttpVersionRoutingHandler channelRead
INFO: Detected non-HTTP/2 connection.
 {"metadata":{"emulator":{"name":"firestore"},"message":"Feb 27, 2026 10:27:11 AM io.gapi.emulators.netty.HttpVersionRoutingHandler channelRead\r\nINFO: Detected non-HTTP/2 connection.\r\n"}}
[debug] [2026-02-27T04:57:11.088Z] Feb 27, 2026 10:27:11 AM io.gapi.emulators.netty.HttpVersionRoutingHandler channelRead
INFO: Detected non-HTTP/2 connection.
 {"metadata":{"emulator":{"name":"firestore"},"message":"Feb 27, 2026 10:27:11 AM io.gapi.emulators.netty.HttpVersionRoutingHandler channelRead\r\nINFO: Detected non-HTTP/2 connection.\r\n"}}
[debug] [2026-02-27T04:57:11.220Z] Feb 27, 2026 10:27:11 AM io.gapi.emulators.netty.HttpVersionRoutingHandler channelRead
INFO: Detected non-HTTP/2 connection.
 {"metadata":{"emulator":{"name":"firestore"},"message":"Feb 27, 2026 10:27:11 AM io.gapi.emulators.netty.HttpVersionRoutingHandler channelRead\r\nINFO: Detected non-HTTP/2 connection.\r\n"}}
[debug] [2026-02-27T04:57:11.321Z] Feb 27, 2026 10:27:11 AM io.gapi.emulators.netty.HttpVersionRoutingHandler channelRead
INFO: Detected non-HTTP/2 connection.
 {"metadata":{"emulator":{"name":"firestore"},"message":"Feb 27, 2026 10:27:11 AM io.gapi.emulators.netty.HttpVersionRoutingHandler channelRead\r\nINFO: Detected non-HTTP/2 connection.\r\n"}}
